00:00:00.640692 VirtualBox VM 7.2.8 r173730 win.amd64 (Apr 18 2026 12:04:41) release log
00:00:00.640695 Log opened 2026-09-26T23:10:40.398066600Z
00:00:00.640696 Build Type: release
00:00:00.640699 OS Product: Windows 11
00:00:00.641115 OS Release: 10.0.26200.9457
00:00:00.641120 OS Service Pack: 
00:00:00.799174 DMI Product Name: H310MHP
00:00:00.803272 DMI Product Version: 
00:00:00.803278 Firmware type: UEFI
00:00:00.803694 Secure Boot: Disabled
00:00:00.803707 Host RAM: 32689MB (31.9GB) total, 21085MB (20.5GB) available
00:00:00.803710 Executable: C:\Program Files\Oracle\VirtualBox\VBoxHeadless.exe
00:00:00.803728 Process ID: 11364
00:00:00.803728 Package type: WINDOWS_64BITS_GENERIC
00:00:00.803729 Windows Features:
00:00:00.803729   Core Isolation (Memory Integrity): ENABLED
00:00:00.804482 Installed Extension Packs:
00:00:00.804498   Oracle VM VirtualBox Extension Pack (Version: 7.0.8 r156879; VRDE Module: VBoxVRDP; Crypto Module: VBoxPuelCrypto unusable because of 'VBoxExtPackVMRegister returned VERR_VERSION_MISMATCH, pReg=0000000000000000 ErrInfo='VirtualBox version mismatch - expected 7.0 got 7.2'')
00:00:00.805144 Console: Machine state changed to 'Starting'
00:00:00.893758 SUP: seg #0: R   0x00000000 LB 0x00001000
00:00:00.893776 SUP: seg #1: R X 0x00001000 LB 0x00204000
00:00:00.893781 SUP: seg #2: R   0x00205000 LB 0x00053000
00:00:00.893785 SUP: seg #3: RW  0x00258000 LB 0x00013000
00:00:00.893789 SUP: seg #4: R   0x0026b000 LB 0x00013000
00:00:00.893793 SUP: seg #5: RW  0x0027e000 LB 0x00004000
00:00:00.893797 SUP: seg #6: R   0x00282000 LB 0x00007000
00:00:00.893801 SUP: seg #7: R X 0x00289000 LB 0x00002000
00:00:00.893804 SUP: seg #8: R   0x0028b000 LB 0x00007000
00:00:00.896314 SUP: Loaded VMMR0.r0 (C:\Program Files\Oracle\VirtualBox/VMMR0.r0) at 0xXXXXXXXXXXXXXXXX - ModuleInit at XXXXXXXXXXXXXXXX and ModuleTerm at XXXXXXXXXXXXXXXX using the native ring-0 loader
00:00:00.896385 SUP: VMMR0EntryEx located at XXXXXXXXXXXXXXXX and VMMR0EntryFast at XXXXXXXXXXXXXXXX
00:00:00.896390 SUP: windbg> .reload /f C:\Program Files\Oracle\VirtualBox/VMMR0.r0=0xXXXXXXXXXXXXXXXX
00:00:00.900695 Guest architecture: x86
00:00:00.900754 Guest OS type: 'Debian_64'
00:00:00.901484 fHMForced=true - No raw-mode support in this build!
00:00:00.901501 Using execution engine 1
00:00:00.905653 File system of 'C:\W4\Packages\W4-OS SYSTEM\build\iso-output\w4-os-home\w4-os-home-live-amd64.iso' (DVD) is ntfs
00:00:01.057697 Shared Clipboard: Initialized OLE
00:00:01.057742 Shared Clipboard: Service loaded
00:00:01.057752 Shared Clipboard: Mode: Off
00:00:01.057842 Shared Clipboard: Service running in headless mode
00:00:01.071315 Drag and drop service loaded
00:00:01.071366 Drag and drop mode: Off
00:00:01.173268 ************************* CFGM dump *************************
00:00:01.173276 [/] (level 0)
00:00:01.173278   CpuExecutionCap   <integer> = 0x0000000000000064 (100)
00:00:01.173279   EnablePAE         <integer> = 0x0000000000000001 (1)
00:00:01.173280   HMEnabled         <integer> = 0x0000000000000001 (1)
00:00:01.173281   MemBalloonSize    <integer> = 0x0000000000000000 (0, 0 B)
00:00:01.173284   Name              <string>  = "W4-OS-Home-Installer" (cb=21)
00:00:01.173285   NumCPUs           <integer> = 0x0000000000000002 (2)
00:00:01.173286   PageFusionAllowed <integer> = 0x0000000000000000 (0)
00:00:01.173286   RamHoleSize       <integer> = 0x0000000020000000 (536 870 912, 512.0 MiB)
00:00:01.173288   RamSize           <integer> = 0x0000000100000000 (4 294 967 296, 4.0 GiB)
00:00:01.173289   TimerMillies      <integer> = 0x000000000000000a (10)
00:00:01.173290   UUID              <bytes>   = "8c 65 b7 d4 56 70 84 46 8d bd 0a 73 5b fa 70 2a" (cb=16)
00:00:01.173291 
00:00:01.173292 [/CPUM/] (level 1)
00:00:01.173293   Enable64bit        <integer> = 0x0000000000000001 (1)
00:00:01.173293   GuestCpuName       <string>  = "host" (cb=5)
00:00:01.173294   NestedHWVirt       <integer> = 0x0000000000000000 (0)
00:00:01.173294   PortableCpuIdLevel <integer> = 0x0000000000000000 (0)
00:00:01.173295   SpecCtrl           <integer> = 0x0000000000000000 (0)
00:00:01.173295 
00:00:01.173295 [/CPUM/IsaExts/] (level 2)
00:00:01.173296 
00:00:01.173296 [/DBGC/] (level 1)
00:00:01.173297   GlobalInitScript <string>  = "C:\Users\user\.VirtualBox/dbgc-init" (cb=36)
00:00:01.173297   HistoryFile      <string>  = "C:\Users\user\.VirtualBox/dbgc-history" (cb=39)
00:00:01.173298   LocalInitScript  <string>  = "C:\W4\Packages\W4-OS SYSTEM\build\vbox-home-installer\W4-OS-Home-Installer/dbgc-init" (cb=85)
00:00:01.173298 
00:00:01.173298 [/DBGF/] (level 1)
00:00:01.173299   Path <string>  = "C:\W4\Packages\W4-OS SYSTEM\build\vbox-home-installer\W4-OS-Home-Installer/debug/;C:\W4\Packages\W4-OS SYSTEM\build\vbox-home-installer\W4-OS-Home-Installer/;cache*C:\W4\Packages\W4-OS SYSTEM\build\vbox-home-installer\W4-OS-Home-Installer/dbgcache/;C:\Users\user\" (cb=264)
00:00:01.173300 
00:00:01.173300 [/Devices/] (level 1)
00:00:01.173300 
00:00:01.173301 [/Devices/3c501/] (level 2)
00:00:01.173301 
00:00:01.173301 [/Devices/8237A/] (level 2)
00:00:01.173302 
00:00:01.173302 [/Devices/8237A/0/] (level 3)
00:00:01.173303   Trusted <integer> = 0x0000000000000001 (1)
00:00:01.173303 
00:00:01.173304 [/Devices/GIMDev/] (level 2)
00:00:01.173304 
00:00:01.173304 [/Devices/GIMDev/0/] (level 3)
00:00:01.173305   Trusted <integer> = 0x0000000000000001 (1)
00:00:01.173305 
00:00:01.173306 [/Devices/VMMDev/] (level 2)
00:00:01.173306 
00:00:01.173306 [/Devices/VMMDev/0/] (level 3)
00:00:01.173307   PCIBusNo      <integer> = 0x0000000000000000 (0)
00:00:01.173308   PCIDeviceNo   <integer> = 0x0000000000000004 (4)
00:00:01.173308   PCIFunctionNo <integer> = 0x0000000000000000 (0)
00:00:01.173308   Trusted       <integer> = 0x0000000000000001 (1)
00:00:01.173309 
00:00:01.173309 [/Devices/VMMDev/0/Config/] (level 4)
00:00:01.173310   GuestCoreDumpDir <string>  = "C:\W4\Packages\W4-OS SYSTEM\build\vbox-home-installer\W4-OS-Home-Installer\Snapshots" (cb=85)
00:00:01.173311 
00:00:01.173311 [/Devices/VMMDev/0/LUN#0/] (level 4)
00:00:01.173312   Driver <string>  = "HGCM" (cb=5)
00:00:01.173312 
00:00:01.173312 [/Devices/VMMDev/0/LUN#0/Config/] (level 5)
00:00:01.173313 
00:00:01.173313 [/Devices/VMMDev/0/LUN#999/] (level 4)
00:00:01.173314   Driver <string>  = "MainStatus" (cb=11)
00:00:01.173315 
00:00:01.173315 [/Devices/VMMDev/0/LUN#999/Config/] (level 5)
00:00:01.173316   First                <integer> = 0x0000000000000000 (0)
00:00:01.173316   HasMediumAttachments <integer> = 0x0000000000000000 (0)
00:00:01.173317   Last                 <integer> = 0x0000000000000000 (0)
00:00:01.173317   iLedSet              <integer> = 0x0000000000000006 (6)
00:00:01.173318 
00:00:01.173318 [/Devices/acpi/] (level 2)
00:00:01.173318 
00:00:01.173319 [/Devices/acpi/0/] (level 3)
00:00:01.173319   PCIBusNo      <integer> = 0x0000000000000000 (0)
00:00:01.173320   PCIDeviceNo   <integer> = 0x0000000000000007 (7)
00:00:01.173320   PCIFunctionNo <integer> = 0x0000000000000000 (0)
00:00:01.173321   Trusted       <integer> = 0x0000000000000001 (1)
00:00:01.173321 
00:00:01.173321 [/Devices/acpi/0/Config/] (level 4)
00:00:01.173322   CpuHotPlug          <integer> = 0x0000000000000000 (0)
00:00:01.173323   FdcEnabled          <integer> = 0x0000000000000000 (0)
00:00:01.173323   HostBusPciAddress   <integer> = 0x0000000000000000 (0)
00:00:01.173324   HpetEnabled         <integer> = 0x0000000000000000 (0)
00:00:01.173324   IOAPIC              <integer> = 0x0000000000000001 (1)
00:00:01.173325   IocPciAddress       <integer> = 0x0000000000010000 (65 536)
00:00:01.173326   NumCPUs             <integer> = 0x0000000000000002 (2)
00:00:01.173326   Parallel0IoPortBase <integer> = 0x0000000000000000 (0)
00:00:01.173327   Parallel0Irq        <integer> = 0x0000000000000000 (0)
00:00:01.173327   Parallel1IoPortBase <integer> = 0x0000000000000000 (0)
00:00:01.173328   Parallel1Irq        <integer> = 0x0000000000000000 (0)
00:00:01.173328   Serial0IoPortBase   <integer> = 0x0000000000000000 (0)
00:00:01.173329   Serial0Irq          <integer> = 0x0000000000000000 (0)
00:00:01.173329   Serial1IoPortBase   <integer> = 0x0000000000000000 (0)
00:00:01.173329   Serial1Irq          <integer> = 0x0000000000000000 (0)
00:00:01.173330   ShowCpu             <integer> = 0x0000000000000001 (1)
00:00:01.173330   ShowRtc             <integer> = 0x0000000000000000 (0)
00:00:01.173331   SmcEnabled          <integer> = 0x0000000000000000 (0)
00:00:01.173331 
00:00:01.173332 [/Devices/acpi/0/LUN#0/] (level 4)
00:00:01.173332   Driver <string>  = "ACPIHost" (cb=9)
00:00:01.173333 
00:00:01.173333 [/Devices/acpi/0/LUN#0/Config/] (level 5)
00:00:01.173334 
00:00:01.173334 [/Devices/acpi/0/LUN#1/] (level 4)
00:00:01.173334   Driver <string>  = "ACPICpu" (cb=8)
00:00:01.173335 
00:00:01.173335 [/Devices/acpi/0/LUN#1/Config/] (level 5)
00:00:01.173336 
00:00:01.173336 [/Devices/ahci/] (level 2)
00:00:01.173337 
00:00:01.173337 [/Devices/ahci/0/] (level 3)
00:00:01.173338   PCIBusNo      <integer> = 0x0000000000000000 (0)
00:00:01.173338   PCIDeviceNo   <integer> = 0x000000000000000d (13)
00:00:01.173339   PCIFunctionNo <integer> = 0x0000000000000000 (0)
00:00:01.173339   Trusted       <integer> = 0x0000000000000001 (1)
00:00:01.173339 
00:00:01.173340 [/Devices/ahci/0/Config/] (level 4)
00:00:01.173340   Bootable  <integer> = 0x0000000000000001 (1)
00:00:01.173341   PortCount <integer> = 0x000000000000001e (30)
00:00:01.173341 
00:00:01.173341 [/Devices/ahci/0/LUN#999/] (level 4)
00:00:01.173342   Driver <string>  = "MainStatus" (cb=11)
00:00:01.173343 
00:00:01.173343 [/Devices/ahci/0/LUN#999/Config/] (level 5)
00:00:01.173344   DeviceInstance       <string>  = "ahci/0" (cb=7)
00:00:01.173344   First                <integer> = 0x0000000000000000 (0)
00:00:01.173345   HasMediumAttachments <integer> = 0x0000000000000001 (1)
00:00:01.173345   Last                 <integer> = 0x000000000000001d (29)
00:00:01.173346   iLedSet              <integer> = 0x0000000000000004 (4)
00:00:01.173346 
00:00:01.173346 [/Devices/apic/] (level 2)
00:00:01.173347 
00:00:01.173347 [/Devices/apic/0/] (level 3)
00:00:01.173348   Trusted <integer> = 0x0000000000000001 (1)
00:00:01.173348 
00:00:01.173349 [/Devices/apic/0/Config/] (level 4)
00:00:01.173349   IOAPIC  <integer> = 0x0000000000000001 (1)
00:00:01.173350   Mode    <integer> = 0x0000000000000003 (3)
00:00:01.173350   NumCPUs <integer> = 0x0000000000000002 (2)
00:00:01.173351 
00:00:01.173351 [/Devices/dp8390/] (level 2)
00:00:01.173351 
00:00:01.173352 [/Devices/e1000/] (level 2)
00:00:01.173352 
00:00:01.173352 [/Devices/e1000/0/] (level 3)
00:00:01.173353   PCIBusNo      <integer> = 0x0000000000000000 (0)
00:00:01.173353   PCIDeviceNo   <integer> = 0x0000000000000003 (3)
00:00:01.173354   PCIFunctionNo <integer> = 0x0000000000000000 (0)
00:00:01.173354   Trusted       <integer> = 0x0000000000000001 (1)
00:00:01.173355 
00:00:01.173355 [/Devices/e1000/0/Config/] (level 4)
00:00:01.173355   AdapterType    <integer> = 0x0000000000000000 (0)
00:00:01.173356   CableConnected <integer> = 0x0000000000000001 (1)
00:00:01.173356   LineSpeed      <integer> = 0x0000000000000000 (0)
00:00:01.173357   MAC            <bytes>   = "08 00 27 ee be f4" (cb=6)
00:00:01.173358 
00:00:01.173358 [/Devices/e1000/0/LUN#0/] (level 4)
00:00:01.173359   Driver <string>  = "NAT" (cb=4)
00:00:01.173359 
00:00:01.173359 [/Devices/e1000/0/LUN#0/Config/] (level 5)
00:00:01.173360   AliasMode          <integer> = 0x0000000000000000 (0)
00:00:01.173361   DNSProxy           <integer> = 0x0000000000000000 (0)
00:00:01.173361   EnableTFTP         <integer> = 0x0000000000000000 (0)
00:00:01.173362   ForwardBroadcast   <integer> = 0x0000000000000000 (0)
00:00:01.173362   LocalhostReachable <integer> = 0x0000000000000001 (1)
00:00:01.173363   Network            <string>  = "10.0.2.0/24" (cb=12)
00:00:01.173363   PassDomain         <integer> = 0x0000000000000001 (1)
00:00:01.173364   UseHostResolver    <integer> = 0x0000000000000000 (0)
00:00:01.173364 
00:00:01.173365 [/Devices/e1000/0/LUN#0/Config/PortForwarding/] (level 6)
00:00:01.173365 
00:00:01.173366 [/Devices/e1000/0/LUN#0/Config/PortForwarding/0/] (level 7)
00:00:01.173367   BindIP    <string>  = "127.0.0.1" (cb=10)
00:00:01.173367   GuestPort <integer> = 0x0000000000000016 (22)
00:00:01.173368   HostPort  <integer> = 0x00000000000008ae (2 222)
00:00:01.173368   Name      <string>  = "guestssh" (cb=9)
00:00:01.173369   Protocol  <string>  = "TCP" (cb=4)
00:00:01.173369 
00:00:01.173369 [/Devices/e1000/0/LUN#999/] (level 4)
00:00:01.173370   Driver <string>  = "MainStatus" (cb=11)
00:00:01.173370 
00:00:01.173370 [/Devices/e1000/0/LUN#999/Config/] (level 5)
00:00:01.173371   First                <integer> = 0x0000000000000000 (0)
00:00:01.173372   HasMediumAttachments <integer> = 0x0000000000000000 (0)
00:00:01.173372   Last                 <integer> = 0x0000000000000000 (0)
00:00:01.173373   iLedSet              <integer> = 0x0000000000000005 (5)
00:00:01.173373 
00:00:01.173373 [/Devices/efi/] (level 2)
00:00:01.173374 
00:00:01.173374 [/Devices/efi/0/] (level 3)
00:00:01.173375   Trusted <integer> = 0x0000000000000001 (1)
00:00:01.173375 
00:00:01.173375 [/Devices/efi/0/Config/] (level 4)
00:00:01.173376   64BitEntry      <integer> = 0x0000000000000001 (1)
00:00:01.173377   APIC            <integer> = 0x0000000000000001 (1)
00:00:01.173377   BootArgs        <string>  = "" (cb=1)
00:00:01.173378   DeviceProps     <string>  = "" (cb=1)
00:00:01.173378   DmiSystemSerial <string>  = "VirtualBox-<DmiSystemUuid>" (cb=27)
00:00:01.173379   EfiRom          <string>  = "VBoxEFI-amd64.fd" (cb=17)
00:00:01.173379   IOAPIC          <integer> = 0x0000000000000001 (1)
00:00:01.173380   McfgBase        <integer> = 0x0000000000000000 (0)
00:00:01.173380   McfgLength      <integer> = 0x0000000000000000 (0)
00:00:01.173381   NumCPUs         <integer> = 0x0000000000000002 (2)
00:00:01.173381   NvramFile       <string>  = "C:\W4\Packages\W4-OS SYSTEM\build\vbox-home-installer\W4-OS-Home-Installer\W4-OS-Home-Installer.nvram" (cb=102)
00:00:01.173382   UUID            <bytes>   = "8c 65 b7 d4 56 70 84 46 8d bd 0a 73 5b fa 70 2a" (cb=16)
00:00:01.173383   UuidLe          <integer> = 0x0000000000000001 (1)
00:00:01.173384 
00:00:01.173384 [/Devices/efi/0/LUN#0/] (level 4)
00:00:01.173385   Driver <string>  = "NvramStore" (cb=11)
00:00:01.173385 
00:00:01.173385 [/Devices/i8254/] (level 2)
00:00:01.173386 
00:00:01.173386 [/Devices/i8254/0/] (level 3)
00:00:01.173387 
00:00:01.173387 [/Devices/i8254/0/Config/] (level 4)
00:00:01.173387 
00:00:01.173388 [/Devices/i8259/] (level 2)
00:00:01.173388 
00:00:01.173388 [/Devices/i8259/0/] (level 3)
00:00:01.173389   Trusted <integer> = 0x0000000000000001 (1)
00:00:01.173389 
00:00:01.173389 [/Devices/i8259/0/Config/] (level 4)
00:00:01.173390 
00:00:01.173390 [/Devices/ioapic/] (level 2)
00:00:01.173391 
00:00:01.173391 [/Devices/ioapic/0/] (level 3)
00:00:01.173392   Trusted <integer> = 0x0000000000000001 (1)
00:00:01.173392 
00:00:01.173392 [/Devices/ioapic/0/Config/] (level 4)
00:00:01.173393   NumCPUs <integer> = 0x0000000000000002 (2)
00:00:01.173393 
00:00:01.173393 [/Devices/mc146818/] (level 2)
00:00:01.173394 
00:00:01.173394 [/Devices/mc146818/0/] (level 3)
00:00:01.173395 
00:00:01.173395 [/Devices/mc146818/0/Config/] (level 4)
00:00:01.173396   UseUTC <integer> = 0x0000000000000001 (1)
00:00:01.173396 
00:00:01.173396 [/Devices/parallel/] (level 2)
00:00:01.173397 
00:00:01.173397 [/Devices/pcarch/] (level 2)
00:00:01.173397 
00:00:01.173398 [/Devices/pcarch/0/] (level 3)
00:00:01.173398   Trusted <integer> = 0x0000000000000001 (1)
00:00:01.173399 
00:00:01.173399 [/Devices/pcarch/0/Config/] (level 4)
00:00:01.173400 
00:00:01.173400 [/Devices/pci/] (level 2)
00:00:01.173400 
00:00:01.173400 [/Devices/pci/0/] (level 3)
00:00:01.173401   Trusted <integer> = 0x0000000000000001 (1)
00:00:01.173401 
00:00:01.173402 [/Devices/pci/0/Config/] (level 4)
00:00:01.173402   IOAPIC <integer> = 0x0000000000000001 (1)
00:00:01.173403 
00:00:01.173403 [/Devices/pcibridge/] (level 2)
00:00:01.173403 
00:00:01.173403 [/Devices/pckbd/] (level 2)
00:00:01.173404 
00:00:01.173404 [/Devices/pckbd/0/] (level 3)
00:00:01.173405   Trusted <integer> = 0x0000000000000001 (1)
00:00:01.173405 
00:00:01.173405 [/Devices/pckbd/0/Config/] (level 4)
00:00:01.173406 
00:00:01.173406 [/Devices/pckbd/0/LUN#0/] (level 4)
00:00:01.173407   Driver <string>  = "KeyboardQueue" (cb=14)
00:00:01.173407 
00:00:01.173407 [/Devices/pckbd/0/LUN#0/AttachedDriver/] (level 5)
00:00:01.173408   Driver <string>  = "MainKeyboard" (cb=13)
00:00:01.173409 
00:00:01.173409 [/Devices/pckbd/0/LUN#0/Config/] (level 5)
00:00:01.173409   QueueSize <integer> = 0x0000000000000040 (64, 64 B)
00:00:01.173410 
00:00:01.173410 [/Devices/pckbd/0/LUN#1/] (level 4)
00:00:01.173411   Driver <string>  = "MouseQueue" (cb=11)
00:00:01.173411 
00:00:01.173411 [/Devices/pckbd/0/LUN#1/AttachedDriver/] (level 5)
00:00:01.173412   Driver <string>  = "MainMouse" (cb=10)
00:00:01.173413 
00:00:01.173413 [/Devices/pckbd/0/LUN#1/Config/] (level 5)
00:00:01.173413   QueueSize <integer> = 0x0000000000000080 (128, 128 B)
00:00:01.173414 
00:00:01.173414 [/Devices/pcnet/] (level 2)
00:00:01.173415 
00:00:01.173415 [/Devices/piix3ide/] (level 2)
00:00:01.173416 
00:00:01.173416 [/Devices/piix3ide/0/] (level 3)
00:00:01.173416   PCIBusNo      <integer> = 0x0000000000000000 (0)
00:00:01.173417   PCIDeviceNo   <integer> = 0x0000000000000001 (1)
00:00:01.173417   PCIFunctionNo <integer> = 0x0000000000000001 (1)
00:00:01.173418   Trusted       <integer> = 0x0000000000000001 (1)
00:00:01.173418 
00:00:01.173418 [/Devices/piix3ide/0/Config/] (level 4)
00:00:01.173419   Type <string>  = "PIIX4" (cb=6)
00:00:01.173419 
00:00:01.173420 [/Devices/piix3ide/0/LUN#0/] (level 4)
00:00:01.173420   Driver <string>  = "VD" (cb=3)
00:00:01.173421 
00:00:01.173421 [/Devices/piix3ide/0/LUN#0/Config/] (level 5)
00:00:01.173422   Format    <string>  = "RAW" (cb=4)
00:00:01.173422   Mountable <integer> = 0x0000000000000001 (1)
00:00:01.173423   Path      <string>  = "C:\W4\Packages\W4-OS SYSTEM\build\iso-output\w4-os-home\w4-os-home-live-amd64.iso" (cb=82)
00:00:01.173423   ReadOnly  <integer> = 0x0000000000000001 (1)
00:00:01.173424   Type      <string>  = "DVD" (cb=4)
00:00:01.173424 
00:00:01.173424 [/Devices/piix3ide/0/LUN#999/] (level 4)
00:00:01.173425   Driver <string>  = "MainStatus" (cb=11)
00:00:01.173425 
00:00:01.173425 [/Devices/piix3ide/0/LUN#999/Config/] (level 5)
00:00:01.173426   DeviceInstance       <string>  = "piix3ide/0" (cb=11)
00:00:01.173427   First                <integer> = 0x0000000000000000 (0)
00:00:01.173427   HasMediumAttachments <integer> = 0x0000000000000001 (1)
00:00:01.173428   Last                 <integer> = 0x0000000000000003 (3)
00:00:01.173428   iLedSet              <integer> = 0x0000000000000003 (3)
00:00:01.173429 
00:00:01.173429 [/Devices/serial/] (level 2)
00:00:01.173429 
00:00:01.173430 [/Devices/usb-ehci/] (level 2)
00:00:01.173430 
00:00:01.173430 [/Devices/usb-ehci/0/] (level 3)
00:00:01.173431   PCIBusNo      <integer> = 0x0000000000000000 (0)
00:00:01.173431   PCIDeviceNo   <integer> = 0x000000000000000b (11)
00:00:01.173432   PCIFunctionNo <integer> = 0x0000000000000000 (0)
00:00:01.173432   Trusted       <integer> = 0x0000000000000001 (1)
00:00:01.173433 
00:00:01.173433 [/Devices/usb-ehci/0/Config/] (level 4)
00:00:01.173433 
00:00:01.173434 [/Devices/usb-ehci/0/LUN#0/] (level 4)
00:00:01.173434   Driver <string>  = "VUSBRootHub" (cb=12)
00:00:01.173435 
00:00:01.173435 [/Devices/usb-ehci/0/LUN#0/Config/] (level 5)
00:00:01.173436 
00:00:01.173436 [/Devices/usb-ehci/0/LUN#999/] (level 4)
00:00:01.173436   Driver <string>  = "MainStatus" (cb=11)
00:00:01.173437 
00:00:01.173437 [/Devices/usb-ehci/0/LUN#999/Config/] (level 5)
00:00:01.173438   First                <integer> = 0x0000000000000000 (0)
00:00:01.173438   HasMediumAttachments <integer> = 0x0000000000000000 (0)
00:00:01.173439   Last                 <integer> = 0x0000000000000000 (0)
00:00:01.173439   iLedSet              <integer> = 0x0000000000000002 (2)
00:00:01.173440 
00:00:01.173440 [/Devices/usb-ohci/] (level 2)
00:00:01.173440 
00:00:01.173441 [/Devices/usb-ohci/0/] (level 3)
00:00:01.173441   PCIBusNo      <integer> = 0x0000000000000000 (0)
00:00:01.173442   PCIDeviceNo   <integer> = 0x0000000000000006 (6)
00:00:01.173442   PCIFunctionNo <integer> = 0x0000000000000000 (0)
00:00:01.173442   Trusted       <integer> = 0x0000000000000001 (1)
00:00:01.173443 
00:00:01.173443 [/Devices/usb-ohci/0/Config/] (level 4)
00:00:01.173444 
00:00:01.173444 [/Devices/usb-ohci/0/LUN#0/] (level 4)
00:00:01.173445   Driver <string>  = "VUSBRootHub" (cb=12)
00:00:01.173445 
00:00:01.173445 [/Devices/usb-ohci/0/LUN#0/Config/] (level 5)
00:00:01.173446 
00:00:01.173446 [/Devices/usb-ohci/0/LUN#999/] (level 4)
00:00:01.173447   Driver <string>  = "MainStatus" (cb=11)
00:00:01.173447 
00:00:01.173447 [/Devices/usb-ohci/0/LUN#999/Config/] (level 5)
00:00:01.173448   First                <integer> = 0x0000000000000000 (0)
00:00:01.173448   HasMediumAttachments <integer> = 0x0000000000000000 (0)
00:00:01.173449   Last                 <integer> = 0x0000000000000000 (0)
00:00:01.173449   iLedSet              <integer> = 0x0000000000000001 (1)
00:00:01.173450 
00:00:01.173450 [/Devices/vga/] (level 2)
00:00:01.173451 
00:00:01.173451 [/Devices/vga/0/] (level 3)
00:00:01.173451   PCIBusNo      <integer> = 0x0000000000000000 (0)
00:00:01.173452   PCIDeviceNo   <integer> = 0x0000000000000002 (2)
00:00:01.173452   PCIFunctionNo <integer> = 0x0000000000000000 (0)
00:00:01.173453   Trusted       <integer> = 0x0000000000000001 (1)
00:00:01.173453 
00:00:01.173453 [/Devices/vga/0/Config/] (level 4)
00:00:01.173454   3DEnabled             <integer> = 0x0000000000000000 (0)
00:00:01.173455   CustomVideoModes      <integer> = 0x0000000000000000 (0)
00:00:01.173455   FadeIn                <integer> = 0x0000000000000001 (1)
00:00:01.173456   FadeOut               <integer> = 0x0000000000000001 (1)
00:00:01.173456   HeightReduction       <integer> = 0x0000000000000000 (0)
00:00:01.173457   LogoFile              <string>  = "" (cb=1)
00:00:01.173457   LogoTime              <integer> = 0x0000000000000000 (0)
00:00:01.173458   MonitorCount          <integer> = 0x0000000000000001 (1)
00:00:01.173458   ShowBootMenu          <integer> = 0x0000000000000002 (2)
00:00:01.173459   VMSVGA3dEnabled       <integer> = 0x0000000000000000 (0)
00:00:01.173459   VMSVGAEnabled         <integer> = 0x0000000000000001 (1)
00:00:01.173460   VMSVGAPciBarLayout    <integer> = 0x0000000000000001 (1)
00:00:01.173460   VMSVGAPciId           <integer> = 0x0000000000000001 (1)
00:00:01.173461   VRamSize              <integer> = 0x0000000000800000 (8 388 608, 8.0 MiB)
00:00:01.173462   VmSvga3               <integer> = 0x0000000000000000 (0)
00:00:01.173462   VmSvgaExposeLegacyVga <integer> = 0x0000000000000001 (1)
00:00:01.173463 
00:00:01.173463 [/Devices/vga/0/LUN#0/] (level 4)
00:00:01.173464   Driver <string>  = "MainDisplay" (cb=12)
00:00:01.173464 
00:00:01.173464 [/Devices/vga/0/LUN#0/Config/] (level 5)
00:00:01.173465 
00:00:01.173465 [/Devices/vga/0/LUN#999/] (level 4)
00:00:01.173466   Driver <string>  = "MainStatus" (cb=11)
00:00:01.173466 
00:00:01.173466 [/Devices/vga/0/LUN#999/Config/] (level 5)
00:00:01.173467   First                <integer> = 0x0000000000000000 (0)
00:00:01.173468   HasMediumAttachments <integer> = 0x0000000000000000 (0)
00:00:01.173468   Last                 <integer> = 0x0000000000000000 (0)
00:00:01.173469   iLedSet              <integer> = 0x0000000000000000 (0)
00:00:01.173469 
00:00:01.173469 [/Devices/virtio-net/] (level 2)
00:00:01.173470 
00:00:01.173470 [/EM/] (level 1)
00:00:01.173470   TripleFaultReset <integer> = 0x0000000000000000 (0)
00:00:01.173471 
00:00:01.173471 [/GCM/] (level 1)
00:00:01.173472   MesaVmsvgaDrv <integer> = 0x0000000000000001 (1)
00:00:01.173472 
00:00:01.173472 [/GIM/] (level 1)
00:00:01.173473   Provider <string>  = "KVM" (cb=4)
00:00:01.173473 
00:00:01.173473 [/HM/] (level 1)
00:00:01.173474   64bitEnabled            <integer> = 0x0000000000000001 (1)
00:00:01.173475   EnableLargePages        <integer> = 0x0000000000000001 (1)
00:00:01.173475   EnableNestedPaging      <integer> = 0x0000000000000001 (1)
00:00:01.173476   EnableUX                <integer> = 0x0000000000000001 (1)
00:00:01.173476   EnableVPID              <integer> = 0x0000000000000001 (1)
00:00:01.173477   Exclusive               <integer> = 0x0000000000000000 (0)
00:00:01.173477   HMForced                <integer> = 0x0000000000000001 (1)
00:00:01.173478   IBPBOnVMEntry           <integer> = 0x0000000000000000 (0)
00:00:01.173478   IBPBOnVMExit            <integer> = 0x0000000000000000 (0)
00:00:01.173479   L1DFlushOnSched         <integer> = 0x0000000000000001 (1)
00:00:01.173479   L1DFlushOnVMEntry       <integer> = 0x0000000000000000 (0)
00:00:01.173480   LovelyMesaDrvWorkaround <integer> = 0x0000000000000001 (1)
00:00:01.173480   MDSClearOnSched         <integer> = 0x0000000000000001 (1)
00:00:01.173481   MDSClearOnVMEntry       <integer> = 0x0000000000000000 (0)
00:00:01.173481   SpecCtrlByHost          <integer> = 0x0000000000000000 (0)
00:00:01.173482   SvmVirtVmsaveVmload     <integer> = 0x0000000000000000 (0)
00:00:01.173482   UseNEMInstead           <integer> = 0x0000000000000000 (0)
00:00:01.173483 
00:00:01.173483 [/MM/] (level 1)
00:00:01.173483   CanUseLargerHeap <integer> = 0x0000000000000000 (0)
00:00:01.173484 
00:00:01.173484 [/NEM/] (level 1)
00:00:01.173485   Allow64BitGuests        <integer> = 0x0000000000000001 (1)
00:00:01.173485   IBPBOnVMEntry           <integer> = 0x0000000000000000 (0)
00:00:01.173486   IBPBOnVMExit            <integer> = 0x0000000000000000 (0)
00:00:01.173486   L1DFlushOnSched         <integer> = 0x0000000000000001 (1)
00:00:01.173487   L1DFlushOnVMEntry       <integer> = 0x0000000000000000 (0)
00:00:01.173487   LovelyMesaDrvWorkaround <integer> = 0x0000000000000001 (1)
00:00:01.173487   MDSClearOnSched         <integer> = 0x0000000000000001 (1)
00:00:01.173488   MDSClearOnVMEntry       <integer> = 0x0000000000000000 (0)
00:00:01.173488 
00:00:01.173489 [/PDM/] (level 1)
00:00:01.173489 
00:00:01.173489 [/PDM/AsyncCompletion/] (level 2)
00:00:01.173490 
00:00:01.173490 [/PDM/AsyncCompletion/File/] (level 3)
00:00:01.173491 
00:00:01.173491 [/PDM/AsyncCompletion/File/BwGroups/] (level 4)
00:00:01.173492 
00:00:01.173492 [/PDM/BlkCache/] (level 2)
00:00:01.173492   CacheSize <integer> = 0x0000000000500000 (5 242 880, 5.0 MiB)
00:00:01.173493 
00:00:01.173493 [/PDM/Devices/] (level 2)
00:00:01.173494 
00:00:01.173494 [/PDM/Drivers/] (level 2)
00:00:01.173494 
00:00:01.173495 [/PDM/Drivers/VBoxC/] (level 3)
00:00:01.173495   Path <string>  = "VBoxC" (cb=6)
00:00:01.173496 
00:00:01.173496 [/PDM/NetworkShaper/] (level 2)
00:00:01.173496 
00:00:01.173496 [/PDM/NetworkShaper/BwGroups/] (level 3)
00:00:01.173497 
00:00:01.173497 [/TM/] (level 1)
00:00:01.173498   UTCOffset <integer> = 0x0000000000000000 (0)
00:00:01.173498 
00:00:01.173498 [/USB/] (level 1)
00:00:01.173499 
00:00:01.173499 [/USB/USBProxy/] (level 2)
00:00:01.173499 
00:00:01.173500 [/USB/USBProxy/GlobalConfig/] (level 3)
00:00:01.173500 
00:00:01.173501 ********************* End of CFGM dump **********************
00:00:01.173694 HM: HMR3Init: Attempting fall back to NEM: VT-x is not available
00:00:01.305665 NEM:  info: Found optional import WinHvPlatform.dll!WHvQueryGpaRangeDirtyBitmap.
00:00:01.305679 NEM:  info: Found optional import WinHvPlatform.dll!WHvResumePartitionTime.
00:00:01.305684 NEM:  info: Found optional import WinHvPlatform.dll!WHvSuspendPartitionTime.
00:00:01.305688 NEM:  info: Found optional import WinHvPlatform.dll!WHvRequestInterrupt.
00:00:01.305692 NEM:  info: Found optional import WinHvPlatform.dll!WHvGetVirtualProcessorXsaveState.
00:00:01.305696 NEM:  info: Found optional import WinHvPlatform.dll!WHvSetVirtualProcessorXsaveState.
00:00:01.305705 NEM:  info: Found optional import WinHvPlatform.dll!WHvGetVirtualProcessorState.
00:00:01.305711 NEM:  info: Found optional import WinHvPlatform.dll!WHvSetVirtualProcessorState.
00:00:01.305715 NEM:  info: Found optional import WinHvPlatform.dll!WHvGetVirtualProcessorInterruptControllerState.
00:00:01.305719 NEM:  info: Found optional import WinHvPlatform.dll!WHvSetVirtualProcessorInterruptControllerState.
00:00:01.305723 NEM:  info: Found optional import WinHvPlatform.dll!WHvGetVirtualProcessorInterruptControllerState2.
00:00:01.305727 NEM:  info: Found optional import WinHvPlatform.dll!WHvSetVirtualProcessorInterruptControllerState2.
00:00:01.305735 NEM:  info: Found optional import vid.dll!VidGetHvPartitionId.
00:00:01.305740 NEM:  info: Found optional import vid.dll!VidGetPartitionProperty.
00:00:01.305923 NEM: WHvCapabilityCodeHypervisorPresent is TRUE, so this might work...
00:00:01.305932 NEM: WHvCapabilityCodeExtendedVmExits      = 0x0000000000007fff
00:00:01.305939 NEM:                           X64CpuidExit: 1
00:00:01.305943 NEM:                             X64MsrExit: 1
00:00:01.305947 NEM:                          ExceptionExit: 1
00:00:01.305951 NEM:                           X64RdtscExit: 1
00:00:01.305955 NEM:                     X64ApicSmiExitTrap: 1
00:00:01.305958 NEM:                          HypercallExit: 1
00:00:01.305962 NEM:                X64ApicInitSipiExitTrap: 1
00:00:01.305966 NEM:              X64ApicWriteLint0ExitTrap: 1
00:00:01.305969 NEM:              X64ApicWriteLint1ExitTrap: 1
00:00:01.305973 NEM:                X64ApicWriteSvrExitTrap: 1
00:00:01.305977 NEM:                 UnknownSynicConnection: 1
00:00:01.305980 NEM:              RetargetUnknownVpciDevice: 1
00:00:01.305984 NEM:                X64ApicWriteLdrExitTrap: 1
00:00:01.305988 NEM:                X64ApicWriteDfrExitTrap: 1
00:00:01.305991 NEM:                     GpaAccessFaultExit: 1
00:00:01.305996 NEM: WHvCapabilityCodeFeatures             = 0x00000000000002ff
00:00:01.306000 NEM:                           PartialUnmap: 1
00:00:01.306004 NEM:                     LocalApicEmulation: 1
00:00:01.306007 NEM:                                  Xsave: 1
00:00:01.306011 NEM:                      DirtyPageTracking: 1
00:00:01.306015 NEM:                     SpeculationControl: 1
00:00:01.306018 NEM:                         ApicRemoteRead: 1
00:00:01.306022 NEM:                            IdleSuspend: 1
00:00:01.306026 NEM:                VirtualPciDeviceSupport: 1
00:00:01.306029 NEM:                           IommuSupport: 0
00:00:01.306033 NEM:                         VpHotAddRemove: 1
00:00:01.306037 NEM: WHvCapabilityCodeExceptionExitBitmap  = 0x00000000000f7dfb
00:00:01.306041 NEM: WHvCapabilityCodeX64MsrExitBitmap     = 0x000000000000003f
00:00:01.306045 NEM:                          UnhandledMsrs: 1
00:00:01.306051 NEM:                            TscMsrWrite: 1
00:00:01.306055 NEM:                             TscMsrRead: 1
00:00:01.306059 NEM:                       ApicBaseMsrWrite: 1
00:00:01.306063 NEM:                      MiscEnableMsrRead: 1
00:00:01.306067 NEM:              McUpdatePatchLevelMsrRead: 1
00:00:01.306070 NEM: WHvCapabilityCodeGpaRangePopulateFlags= 0x00000003
00:00:01.306074 NEM:                               Prefetch: 1
00:00:01.306078 NEM:                        AvoidHardFaults: 1
00:00:01.306096 NEM: WHvCapabilityCodeSchedulerFeatures    = 0x0000000000000000
00:00:01.306102 NEM:                             CpuReserve: 0
00:00:01.306106 NEM:                                 CpuCap: 0
00:00:01.306109 NEM:                              CpuWeight: 0
00:00:01.306113 NEM:                             CpuGroupId: 0
00:00:01.306117 NEM:                             DisableSmt: 0
00:00:01.306126 NEM: WHvCapabilityCodeProcessorVendor      = 1 - Intel
00:00:01.306140 NEM: WHvCapabilityCodeProcessorFeatures    = 0x1001f8cfe7f7859f
00:00:01.306145 NEM:                            Sse3Support: 1
00:00:01.306149 NEM:                        LahfSahfSupport: 1
00:00:01.306156 NEM:                           Ssse3Support: 1
00:00:01.306161 NEM:                          Sse4_1Support: 1
00:00:01.306165 NEM:                          Sse4_2Support: 1
00:00:01.306169 NEM:                           Sse4aSupport: 0
00:00:01.306173 NEM:                             XopSupport: 0
00:00:01.306176 NEM:                          PopCntSupport: 1
00:00:01.306180 NEM:                      Cmpxchg16bSupport: 1
00:00:01.306184 NEM:                       Altmovcr8Support: 0
00:00:01.306188 NEM:                           LzcntSupport: 1
00:00:01.306191 NEM:                     MisAlignSseSupport: 0
00:00:01.306195 NEM:                          MmxExtSupport: 0
00:00:01.306198 NEM:                        Amd3DNowSupport: 0
00:00:01.306202 NEM:                ExtendedAmd3DNowSupport: 0
00:00:01.306209 NEM:                         Page1GbSupport: 1
00:00:01.306213 NEM:                             AesSupport: 1
00:00:01.306216 NEM:                       PclmulqdqSupport: 1
00:00:01.306220 NEM:                            PcidSupport: 1
00:00:01.306250 NEM:                            Fma4Support: 0
00:00:01.306254 NEM:                            F16CSupport: 1
00:00:01.306258 NEM:                          RdRandSupport: 1
00:00:01.306265 NEM:                        RdWrFsGsSupport: 1
00:00:01.306270 NEM:                            SmepSupport: 1
00:00:01.306274 NEM:              EnhancedFastStringSupport: 1
00:00:01.306278 NEM:                            Bmi1Support: 1
00:00:01.306282 NEM:                            Bmi2Support: 1
00:00:01.306286 NEM:                              Reserved1: 0
00:00:01.306290 NEM:                           MovbeSupport: 1
00:00:01.306294 NEM:                          Npiep1Support: 1
00:00:01.306299 NEM:                   DepX87FPUSaveSupport: 1
00:00:01.306303 NEM:                          RdSeedSupport: 1
00:00:01.306307 NEM:                             AdxSupport: 1
00:00:01.306311 NEM:                   IntelPrefetchSupport: 1
00:00:01.306315 NEM:                            SmapSupport: 1
00:00:01.306335 NEM:                             HleSupport: 0
00:00:01.306338 NEM:                             RtmSupport: 0
00:00:01.306342 NEM:                          RdtscpSupport: 1
00:00:01.306346 NEM:                      ClflushoptSupport: 1
00:00:01.306367 NEM:                            ClwbSupport: 0
00:00:01.306371 NEM:                             ShaSupport: 0
00:00:01.306391 NEM:                X87PointersSavedSupport: 0
00:00:01.306395 NEM:                         InvpcidSupport: 1
00:00:01.306399 NEM:                            IbrsSupport: 1
00:00:01.306404 NEM:                           StibpSupport: 1
00:00:01.306408 NEM:                            IbpbSupport: 1
00:00:01.306412 NEM:                              Reserved2: 1
00:00:01.306416 NEM:                            SsbdSupport: 1
00:00:01.306419 NEM:                 FastShortRepMovSupport: 0
00:00:01.306423 NEM:                              Reserved3: 0
00:00:01.306427 NEM:                                 RdclNo: 0
00:00:01.306430 NEM:                         IbrsAllSupport: 0
00:00:01.306434 NEM:                              Reserved4: 0
00:00:01.306438 NEM:                                  SsbNo: 0
00:00:01.306442 NEM:                                 RsbANo: 0
00:00:01.306445 NEM:                              Reserved5: 0
00:00:01.306449 NEM:                           RdPidSupport: 0
00:00:01.306453 NEM:                            UmipSupport: 0
00:00:01.306456 NEM:                           MdsNoSupport: 0
00:00:01.306460 NEM:                         MdClearSupport: 1
00:00:01.306464 NEM:                           TaaNoSupport: 0
00:00:01.306467 NEM:                         TsxCtrlSupport: 0
00:00:01.306471 NEM:                              Reserved6: 0
00:00:01.306482 NEM: WHvCapabilityCodeProcessorClFlushSize = 2^8
00:00:01.306492 NEM: WHvCapabilityCodeProcessorXsaveFeatures= 0x000000000000383f
00:00:01.306497 NEM:                           XsaveSupport: 1
00:00:01.306502 NEM:                        XsaveoptSupport: 1
00:00:01.306507 NEM:                             AvxSupport: 1
00:00:01.306511 NEM:                            Avx2Support: 1
00:00:01.306515 NEM:                             FmaSupport: 1
00:00:01.306536 NEM:                             MpxSupport: 1
00:00:01.306540 NEM:                          Avx512Support: 0
00:00:01.306544 NEM:                        Avx512DQSupport: 0
00:00:01.306549 NEM:                        Avx512BWSupport: 0
00:00:01.306553 NEM:                        Avx512VLSupport: 0
00:00:01.306560 NEM:                       XsaveCompSupport: 1
00:00:01.306564 NEM:                 XsaveSupervisorSupport: 1
00:00:01.306568 NEM:                            Xcr1Support: 1
00:00:01.306572 NEM:                    Avx512BitalgSupport: 0
00:00:01.306576 NEM:                      Avx512IfmaSupport: 0
00:00:01.306581 NEM:                      Avx512VBmiSupport: 0
00:00:01.306585 NEM:                     Avx512VBmi2Support: 0
00:00:01.306589 NEM:                      Avx512VnniSupport: 0
00:00:01.306593 NEM:                            GfniSupport: 0
00:00:01.306597 NEM:                            VaesSupport: 0
00:00:01.306617 NEM:                 Avx512VPopcntdqSupport: 0
00:00:01.306621 NEM:                      VpclmulqdqSupport: 0
00:00:01.306624 NEM:                      Avx512Bf16Support: 0
00:00:01.306646 NEM:              Avx512Vp2IntersectSupport: 0
00:00:01.306650 NEM:                      Avx512Fp16Support: 0
00:00:01.306654 NEM:                             XfdSupport: 0
00:00:01.306658 NEM:                         AmxTileSupport: 0
00:00:01.306662 NEM:                         AmxBf16Support: 0
00:00:01.306666 NEM:                         AmxInt8Support: 0
00:00:01.306670 NEM:                         AvxVnniSupport: 0
00:00:01.306683 NEM: WHvCapabilityCodeProcessorClockFrequency= 2 904 000 503
00:00:01.306706 NEM: WHvCapabilityCodeInterruptClockFrequency= 200 000 000
00:00:01.306710 NEM: WHvCapabilityCodeProcessorFeaturesBanks= 2 bank(s)
00:00:01.306714 NEM: WHvCapabilityCodeProcessorFeaturesBanks[0]= 0x1001f8cfe7f7859f
00:00:01.306718 NEM:                            Sse3Support: 1
00:00:01.306721 NEM:                        LahfSahfSupport: 1
00:00:01.306725 NEM:                           Ssse3Support: 1
00:00:01.306729 NEM:                          Sse4_1Support: 1
00:00:01.306732 NEM:                          Sse4_2Support: 1
00:00:01.306736 NEM:                           Sse4aSupport: 0
00:00:01.306740 NEM:                             XopSupport: 0
00:00:01.306743 NEM:                          PopCntSupport: 1
00:00:01.306747 NEM:                      Cmpxchg16bSupport: 1
00:00:01.306751 NEM:                       Altmovcr8Support: 0
00:00:01.306755 NEM:                           LzcntSupport: 1
00:00:01.306758 NEM:                     MisAlignSseSupport: 0
00:00:01.306762 NEM:                          MmxExtSupport: 0
00:00:01.306766 NEM:                        Amd3DNowSupport: 0
00:00:01.306787 NEM:                ExtendedAmd3DNowSupport: 0
00:00:01.306791 NEM:                         Page1GbSupport: 1
00:00:01.306796 NEM:                             AesSupport: 1
00:00:01.306820 NEM:                       PclmulqdqSupport: 1
00:00:01.306824 NEM:                            PcidSupport: 1
00:00:01.306849 NEM:                            Fma4Support: 0
00:00:01.306854 NEM:                            F16CSupport: 1
00:00:01.306859 NEM:                          RdRandSupport: 1
00:00:01.306865 NEM:                        RdWrFsGsSupport: 1
00:00:01.306873 NEM:                            SmepSupport: 1
00:00:01.306879 NEM:              EnhancedFastStringSupport: 1
00:00:01.306884 NEM:                            Bmi1Support: 1
00:00:01.306889 NEM:                            Bmi2Support: 1
00:00:01.306894 NEM:                              Reserved1: 0
00:00:01.306899 NEM:                           MovbeSupport: 1
00:00:01.306920 NEM:                          Npiep1Support: 1
00:00:01.306945 NEM:                   DepX87FPUSaveSupport: 1
00:00:01.306951 NEM:                          RdSeedSupport: 1
00:00:01.306955 NEM:                             AdxSupport: 1
00:00:01.306959 NEM:                   IntelPrefetchSupport: 1
00:00:01.306963 NEM:                            SmapSupport: 1
00:00:01.306967 NEM:                             HleSupport: 0
00:00:01.306989 NEM:                             RtmSupport: 0
00:00:01.306994 NEM:                          RdtscpSupport: 1
00:00:01.306999 NEM:                      ClflushoptSupport: 1
00:00:01.307003 NEM:                            ClwbSupport: 0
00:00:01.307008 NEM:                             ShaSupport: 0
00:00:01.307013 NEM:                X87PointersSavedSupport: 0
00:00:01.307037 NEM:                         InvpcidSupport: 1
00:00:01.307042 NEM:                            IbrsSupport: 1
00:00:01.307047 NEM:                           StibpSupport: 1
00:00:01.307052 NEM:                            IbpbSupport: 1
00:00:01.307057 NEM:                              Reserved2: 1
00:00:01.307062 NEM:                            SsbdSupport: 1
00:00:01.307067 NEM:                 FastShortRepMovSupport: 0
00:00:01.307072 NEM:                              Reserved3: 0
00:00:01.307077 NEM:                                 RdclNo: 0
00:00:01.307082 NEM:                         IbrsAllSupport: 0
00:00:01.307114 NEM:                              Reserved4: 0
00:00:01.307136 NEM:                                  SsbNo: 0
00:00:01.307139 NEM:                                 RsbANo: 0
00:00:01.307167 NEM:                              Reserved5: 0
00:00:01.307173 NEM:                           RdPidSupport: 0
00:00:01.307178 NEM:                            UmipSupport: 0
00:00:01.307183 NEM:                           MdsNoSupport: 0
00:00:01.307188 NEM:                         MdClearSupport: 1
00:00:01.307193 NEM:                           TaaNoSupport: 0
00:00:01.307198 NEM:                         TsxCtrlSupport: 0
00:00:01.307203 NEM:                              Reserved6: 0
00:00:01.307208 NEM: WHvCapabilityCodeProcessorFeaturesBanks[1]= 0x0000000f00860061
00:00:01.307213 NEM:                    ACountMCountSupport: 1
00:00:01.307234 NEM:                    TscInvariantSupport: 0
00:00:01.307239 NEM:                          ClZeroSupport: 0
00:00:01.307261 NEM:                           RdpruSupport: 0
00:00:01.307265 NEM:                              Reserved2: 2
00:00:01.307269 NEM:                      NestedVirtSupport: 1
00:00:01.307273 NEM:                            PsfdSupport: 0
00:00:01.307278 NEM:                           CetSsSupport: 0
00:00:01.307282 NEM:                          CetIbtSupport: 0
00:00:01.307286 NEM:              VmxExceptionInjectSupport: 0
00:00:01.307291 NEM:                              Reserved4: 0
00:00:01.307295 NEM:                    UmwaitTpauseSupport: 0
00:00:01.307299 NEM:                         MovdiriSupport: 0
00:00:01.307303 NEM:                       Movdir64bSupport: 0
00:00:01.307307 NEM:                        CldemoteSupport: 0
00:00:01.307311 NEM:                       SerializeSupport: 0
00:00:01.307317 NEM:                  TscDeadlineTmrSupport: 1
00:00:01.307341 NEM:                       TscAdjustSupport: 1
00:00:01.307345 NEM:                            FZLRepMovsb: 0
00:00:01.307349 NEM:                             FSRepStosb: 0
00:00:01.307352 NEM:                             FSRepCmpsb: 0
00:00:01.307356 NEM:                Unknown bank 1 features: 0xf00800000
00:00:01.307361 NEM: WHvCapabilityCodeProcessorFrequencyCap= 00 00 00 00 00 00 00 00 00 00 00 00 00 00 00 00
00:00:01.307366 NEM:                            IsSupported: 0
00:00:01.307370 NEM:                               Reserved: 0
00:00:01.307374 NEM:                    HighestFrequencyMhz: 0
00:00:01.307378 NEM:                    NominalFrequencyMhz: 0
00:00:01.307382 NEM:                     LowestFrequencyMhz: 0
00:00:01.307386 NEM:                       FrequencyStepMhz: 0
00:00:01.307399 NEM: WHvCapabilityCodeSyntheticProcessorFeaturesBanks= 1 bank(s)
00:00:01.307405 NEM: WHvCapabilityCodeSyntheticProcessorFeaturesBanks[0]= 0x0000006fff448fff
00:00:01.307409 NEM:                      HypervisorPresent: 1
00:00:01.307413 NEM:                                    Hv1: 1
00:00:01.307416 NEM:                     AccessVpRunTimeReg: 1
00:00:01.307420 NEM:        AccessPartitionReferenceCounter: 1
00:00:01.307424 NEM:                        AccessSynicRegs: 1
00:00:01.307427 NEM:               AccessSyntheticTimerRegs: 1
00:00:01.307431 NEM:                     AccessIntrCtrlRegs: 1
00:00:01.307434 NEM:                    AccessHypercallRegs: 1
00:00:01.307457 NEM:                          AccessVpIndex: 1
00:00:01.307461 NEM:            AccessPartitionReferenceTsc: 1
00:00:01.307465 NEM:                     AccessGuestIdleReg: 1
00:00:01.307469 NEM:                    AccessFrequencyRegs: 1
00:00:01.307473 NEM:                            ReservedZ12: 0
00:00:01.307477 NEM:                            ReservedZ13: 0
00:00:01.307482 NEM:                            ReservedZ14: 0
00:00:01.307486 NEM:   EnableExtendedGvaRangesForFlushVirtualAddressList: 1
00:00:01.307490 NEM:                            ReservedZ16: 0
00:00:01.307512 NEM:                            ReservedZ17: 0
00:00:01.307516 NEM:                    FastHypercallOutput: 1
00:00:01.307540 NEM:                            ReservedZ19: 0
00:00:01.307546 NEM:                            ReservedZ20: 0
00:00:01.307552 NEM:                            ReservedZ21: 0
00:00:01.307557 NEM:                  DirectSyntheticTimers: 1
00:00:01.307562 NEM:                            ReservedZ23: 0
00:00:01.307567 NEM:                 ExtendedProcessorMasks: 1
00:00:01.307572 NEM:                      TbFlushHypercalls: 1
00:00:01.307578 NEM:                    SyntheticClusterIpi: 1
00:00:01.307583 NEM:                     NotifyLongSpinWait: 1
00:00:01.307587 NEM:                      QueryNumaDistance: 1
00:00:01.307610 NEM:                           SignalEvents: 1
00:00:01.307614 NEM:                RetargetDeviceInterrupt: 1
00:00:01.307642 NEM: WHvCapabilityCodeProcessorPerfmonFeatures= 0x0000000000000003
00:00:01.307648 NEM:                             PmuSupport: 1
00:00:01.307657 NEM:                             LbrSupport: 1
00:00:01.307670 NEM: WHvCapabilityCodePhysicalAddressWidth = 39
00:00:01.307684 NEM: WHvCapabilityCodeVmxBasic             = 0x00d8100000000001
00:00:01.307697 NEM: WHvCapabilityCodeVmxPinbasedCtls      = 0x0000003f00000016
00:00:01.307725 NEM: WHvCapabilityCodeVmxProcbasedCtls     = 0xf7f9fffe2401e5f2
00:00:01.307736 NEM: WHvCapabilityCodeVmxExitCtls          = 0x00bfffff00036fff
00:00:01.307765 NEM: WHvCapabilityCodeVmxEntryCtls         = 0x0001f3ff000011ff
00:00:01.307797 NEM: WHvCapabilityCodeVmxMisc              = 0x0000000000000060
00:00:01.307810 NEM: WHvCapabilityCodeVmxCr0Fixed0         = 0x0000000080000021
00:00:01.307827 NEM: WHvCapabilityCodeVmxCr0Fixed1         = 0x00000000ffffffff
00:00:01.307840 NEM: WHvCapabilityCodeVmxCr4Fixed0         = 0x0000000000002000
00:00:01.307853 NEM: WHvCapabilityCodeVmxCr4Fixed1         = 0x00000000003727ff
00:00:01.307866 NEM: WHvCapabilityCodeVmxVmcsEnum          = 0x000000000000002a
00:00:01.307879 NEM: WHvCapabilityCodeVmxProcbasedCtls2    = 0x005018ae00000000
00:00:01.307892 NEM: WHvCapabilityCodeVmxEptVpidCap        = 0x00000f0106734041
00:00:01.307937 NEM: WHvCapabilityCodeVmxTruePinbasedCtls  = 0x0000003f00000016
00:00:01.307948 NEM: WHvCapabilityCodeVmxTrueProcbasedCtls = 0xf7f9fffe240065f2
00:00:01.307998 NEM: WHvCapabilityCodeVmxTrueExitCtls      = 0x00bfffff00036ffb
00:00:01.308011 NEM: WHvCapabilityCodeVmxTrueEntryCtls     = 0x0001f3ff000011fb
00:00:01.310485 NEM: Created partition 000001f00f1fcf30. APIC emulation mode: VirtualBox
00:00:01.310485 NEM: Adjusting APIC configuration from X2APIC to APIC max mode.  X2APIC is not supported by the WinHvPlatform API!
00:00:01.310485 NEM: Disable Hyper-V if you need X2APIC for your guests!
00:00:01.310485 PGM: Enabling NEM mode
00:00:01.310485 NEM:
00:00:01.310485 NEM: NEMR3Init: Snail execution mode is active!
00:00:01.310485 NEM: Note! VirtualBox is not able to run at its full potential in this execution mode.
00:00:01.310485 NEM:       To see VirtualBox run at max speed you need to disable all Windows features
00:00:01.310485 NEM:       making use of Hyper-V.  That is a moving target, so google how and carefully
00:00:01.310485 NEM:       consider the consequences of disabling these features.
00:00:01.310485 NEM:
00:00:01.310485 CPUM: No hardware-virtualization capability detected
00:00:01.310485 CPUM: fXStateHostMask=0x7; host XCR0=0x1f
00:00:01.312608 CPUM: Matched host CPU INTEL 0x6/0x9e/0xa Intel_Core7_CoffeeLake with CPU DB entry 'Intel Core i7-6700K' (INTEL 0x6/0x5e/0x3 Intel_Core7_Skylake)
00:00:01.312666 CPUM: MXCSR_MASK=0xffff (host: 0xffff)
00:00:01.312689 CPUM: Microcode revision 0x000000DE
00:00:01.312713 CPUM: MSR/CPUID reconciliation insert: 0x0000010b IA32_FLUSH_CMD
00:00:01.312721 CPUM: MSR/CPUID reconciliation insert: 0x0000010a IA32_ARCH_CAPABILITIES
00:00:01.312727 CPUM: MSR fudge: 0x00000122 IA32_TSX_CTRL
00:00:01.312733 CPUM: MSR fudge: 0x00000123 IA32_MCU_OPT_CTRL
00:00:01.312745 CPUM: SetGuestCpuIdFeature: Enabled SYSENTER/EXIT
00:00:01.312750 CPUM: SetGuestCpuIdFeature: Enabled SYSCALL/RET
00:00:01.312753 CPUM: SetGuestCpuIdFeature: Enabled PAE
00:00:01.312759 CPUM: SetGuestCpuIdFeature: Enabled LAHF/SAHF
00:00:01.312763 CPUM: SetGuestCpuIdFeature: Enabled NX
00:00:01.312767 CPUM: SetGuestCpuIdFeature: Enabled LONG MODE
00:00:01.312771 CPUM: Enabled MTRR read-write support
00:00:01.312775 CPUM: Enabled fixed-range MTRRs and 16 (virtualized) variable-range MTRRs
00:00:01.314556 NEM: HvPartitionPropertyProcessorVendor=0x1 (1)
00:00:01.314884 NEM: Successfully set up partition (device handle 0000000000000e09, partition ID 0x0)
00:00:01.315051 PGM: Host paging mode: AMD64+NX
00:00:01.315063 PGM: PGMPool: cMaxPages=2304 (u64MaxPages=2084)
00:00:01.315068 PGM: pgmR3PoolInit: cMaxPages=0x900 cMaxUsers=0x1200 cMaxPhysExts=0x1200 fCacheEnable=true
00:00:01.318030 SUPLib: MEM_LARGE_PAGES privilege not held.
00:00:01.432391 TM: GIP - u32Mode=3 (Invariant) u32UpdateHz=93 u32UpdateIntervalNS=10741500 enmUseTscDelta=2 (Practically Zero) fGetGipCpu=0x1b cCpus=6
00:00:01.432421 TM: GIP - u64CpuHz=2 904 000 417 (0xad1787a1)  SUPGetCpuHzFromGip => 2 904 000 417
00:00:01.432428 TM: GIP - CPU: iCpuSet=0x0 idCpu=0x0 idApic=0x0 iGipCpu=0x0 i64TSCDelta=0 enmState=3 u64CpuHz=2904000417(*) cErrors=0
00:00:01.432433 TM: GIP - CPU: iCpuSet=0x1 idCpu=0x1 idApic=0x2 iGipCpu=0x3 i64TSCDelta=0 enmState=3 u64CpuHz=2903999771(*) cErrors=0
00:00:01.432437 TM: GIP - CPU: iCpuSet=0x2 idCpu=0x2 idApic=0x4 iGipCpu=0x5 i64TSCDelta=0 enmState=3 u64CpuHz=2903999702(*) cErrors=0
00:00:01.432442 TM: GIP - CPU: iCpuSet=0x3 idCpu=0x3 idApic=0x6 iGipCpu=0x1 i64TSCDelta=0 enmState=3 u64CpuHz=2903988532(*) cErrors=0
00:00:01.432446 TM: GIP - CPU: iCpuSet=0x4 idCpu=0x4 idApic=0x8 iGipCpu=0x2 i64TSCDelta=0 enmState=3 u64CpuHz=2903997592(*) cErrors=0
00:00:01.432450 TM: GIP - CPU: iCpuSet=0x5 idCpu=0x5 idApic=0xa iGipCpu=0x4 i64TSCDelta=0 enmState=3 u64CpuHz=2904000041(*) cErrors=0
00:00:01.432463 TM: NEM overrides the /TM/TSCModeSwitchAllowed setting.
00:00:01.432475 TM:     cTSCTicksPerSecond=2 904 000 417 (0xad1787a1) enmTSCMode=4 (NativeApi) TSCMultiplier=1
00:00:01.432478 TM: cTSCTicksPerSecondHost=2 904 000 417 (0xad1787a1)
00:00:01.432479 TM: TSCTiedToExecution=false TSCNotTiedToHalt=false
00:00:01.433622 EMR3Init: fIemExecutesAll=false fGuruOnTripleFault=true
00:00:01.433994 IEM: TargetCpu=CURRENT, Microarch=Intel_Core7_CoffeeLake aidxTargetCpuEflFlavour={1,0}
00:00:01.435655 GIM: Using provider 'KVM' (Implementation version: 0)
00:00:01.435667 CPUM: SetGuestCpuIdFeature: Enabled Hypervisor Present bit
00:00:01.435739 GCM: Initialized - Fixer bits: 0x8 (MesaVmsvgaDrv)
00:00:01.435900 AIOMgr: Default manager type is 'Async'
00:00:01.435911 AIOMgr: Default file backend is 'NonBuffered'
00:00:01.435963 BlkCache: Cache successfully initialized. Cache size is 5242880 bytes
00:00:01.435988 BlkCache: Cache commit interval is 10000 ms
00:00:01.435992 BlkCache: Cache commit threshold is 2621440 bytes
00:00:02.098257 EFI: boot args = 
00:00:02.098268 EFI: device props = 
00:00:02.098289 Found EFI FW Volume, 540672 bytes (132 4096-byte blocks)
00:00:02.102208 EFI: Registered 528KB flash at 00000000ffc00000
00:00:02.102504 PDM: VirtualBox APIC backend registered
00:00:02.102516 CPUM: SetGuestCpuIdFeature: Enabled xAPIC
00:00:02.104090 IOAPIC: Version=2.0 ChipType=ICH9
00:00:02.104243 PIT: mode=3 count=0x10000 (65536) - 18.20 Hz (ch=0)
00:00:02.104436 VMMDev: cbDefaultBudget: 1 073 741 824 (40000000)
00:00:02.121002 Shared Folders service loaded
00:00:02.134502 Guest Control service loaded
00:00:02.155815 VGA: Using the 386+ BIOS image.
00:00:02.157114 AHCI: Port0: No driver attached
00:00:02.157128 AHCI: Port1: No driver attached
00:00:02.157134 AHCI: Port2: No driver attached
00:00:02.157138 AHCI: Port3: No driver attached
00:00:02.157142 AHCI: Port4: No driver attached
00:00:02.157146 AHCI: Port5: No driver attached
00:00:02.157150 AHCI: Port6: No driver attached
00:00:02.157154 AHCI: Port7: No driver attached
00:00:02.157158 AHCI: Port8: No driver attached
00:00:02.157162 AHCI: Port9: No driver attached
00:00:02.157166 AHCI: Port10: No driver attached
00:00:02.157170 AHCI: Port11: No driver attached
00:00:02.157174 AHCI: Port12: No driver attached
00:00:02.157178 AHCI: Port13: No driver attached
00:00:02.157182 AHCI: Port14: No driver attached
00:00:02.157186 AHCI: Port15: No driver attached
00:00:02.157191 AHCI: Port16: No driver attached
00:00:02.157195 AHCI: Port17: No driver attached
00:00:02.157199 AHCI: Port18: No driver attached
00:00:02.157203 AHCI: Port19: No driver attached
00:00:02.157207 AHCI: Port20: No driver attached
00:00:02.157212 AHCI: Port21: No driver attached
00:00:02.157216 AHCI: Port22: No driver attached
00:00:02.157220 AHCI: Port23: No driver attached
00:00:02.157224 AHCI: Port24: No driver attached
00:00:02.157228 AHCI: Port25: No driver attached
00:00:02.157232 AHCI: Port26: No driver attached
00:00:02.157236 AHCI: Port27: No driver attached
00:00:02.157240 AHCI: Port28: No driver attached
00:00:02.157244 AHCI: Port29: No driver attached
00:00:02.157261 AHCI#0: Reset the HBA
00:00:02.157892 DrvVD: Flushes will be ignored
00:00:02.157902 DrvVD: Async flushes will be passed to the disk
00:00:02.158224 VD: VDInit finished with VINF_SUCCESS
00:00:02.158355 VD: Opening the disk took 439129 ns
00:00:02.158432 PIIX3 ATA: LUN#0: CD/DVD, total number of sectors 287440, passthrough disabled
00:00:02.158505 PIIX3 ATA: LUN#1: no unit
00:00:02.158552 PIIX3 ATA: LUN#2: no unit
00:00:02.158559 PIIX3 ATA: LUN#3: no unit
00:00:02.158587 PIIX3 ATA: Ctl#0: finished processing RESET
00:00:02.158779 PIIX3 ATA: Ctl#1: finished processing RESET
00:00:02.158848 E1000#0: Chip=82540EM LinkUpDelay=5000ms EthernetCRC=on GSO=enabled Itr=disabled ItrRx=enabled TID=disabled R0=disabled RC=disabled
00:00:02.161045 Preconfigured port forward rule discovered on startup: fUdp=0, HostIp=127.0.0.1, u16HostPort=2222, GuestIp=, u16GuestPort=22
00:00:02.179136 PGM: The CPU physical address width is 39 bits
00:00:02.179161 PGM: PGMR3InitFinalize: 4 MB PSE mask 0000007fffffffff -> VINF_SUCCESS
00:00:02.179170 TM: TMR3InitFinalize: fTSCModeSwitchAllowed=false
00:00:02.195691 CPUM: Mapped 1.0MiB (1048576 bytes) of RAM using fixed-range MTRRs
00:00:02.195721 CPUM: Mapped 4.0GiB (4294967296 bytes) of RAM using 3 variable-range MTRRs
00:00:02.195829 CPUM: Host IA32_ARCH_CAPABILITIES  = 0x4
00:00:02.195831 CPUM: Guest IA32_ARCH_CAPABILITIES = 0x4
00:00:02.195900 VMM: Thread-context hooks unavailable
00:00:02.195906 VMM: RTThreadPreemptIsPending() can be trusted
00:00:02.195911 VMM: Kernel preemption is possible
00:00:02.196004 EM: Exit history optimizations: enabled=true enabled-r0=true enabled-r0-no-preemption=false
00:00:02.196084 APIC: fPostedIntrsEnabled=false fVirtApicRegsEnabled=false fSupportsTscDeadline=false
00:00:02.196097 TMR3UtcNow: nsNow=1 790 464 241 953 527 700 nsPrev=0 -> cNsDelta=1 790 464 241 953 527 700 (offLag=0 offVirtualSync=0 offVirtualSyncGivenUp=0, NowAgain=1 790 464 241 953 527 700)
00:00:02.196108 VMM: fUsePeriodicPreemptionTimers=true
00:00:02.196117 CPUM: Logical host processors: 6 present, 6 max, 6 online, online mask: 000000000000003f
00:00:02.196118 CPUM: Physical host cores: 6
00:00:02.196118 ************************ CPUID dump *************************
00:00:02.197312          Raw Standard CPUID Leaves
00:00:02.197312      Leaf/sub-leaf  eax      ebx      ecx      edx
00:00:02.197314 Gst: 00000000/0000  00000016 756e6547 6c65746e 49656e69
00:00:02.197316 Hst:                00000016 756e6547 6c65746e 49656e69
00:00:02.197316 Gst: 00000001/0000  000906ea 00020800 c2da2203 178bfbff
00:00:02.197317 Hst:                000906ea 06100800 fffaf38f bfebfbff
00:00:02.197318 Gst: 00000002/0000  76036301 00f0b6ff 00000000 00c30000
00:00:02.197319 Hst:                76036301 00f0b6ff 00000000 00c30000
00:00:02.197319 Gst: 00000003/0000  00000000 00000000 00000000 00000000
00:00:02.197320 Hst:                00000000 00000000 00000000 00000000
00:00:02.197320 Gst: 00000004/0000  04000121 01c0003f 0000003f 00000000
00:00:02.197321 Hst:                1c004121 01c0003f 0000003f 00000000
00:00:02.197322 Gst: 00000004/0001  04000122 01c0003f 0000003f 00000000
00:00:02.197322 Hst:                1c004122 01c0003f 0000003f 00000000
00:00:02.197323 Gst: 00000004/0002  04000143 00c0003f 000003ff 00000000
00:00:02.197323 Hst:                1c004143 00c0003f 000003ff 00000000
00:00:02.197324 Gst: 00000004/0003  04000163 02c0003f 00002fff 00000006
00:00:02.197325 Hst:                1c03c163 02c0003f 00002fff 00000006
00:00:02.197325 Gst: 00000004/0004  04000000 00000000 00000000 00000000
00:00:02.197326 Hst:                00000000 00000000 00000000 00000000
00:00:02.197326 Gst: 00000005/0000  00000000 00000000 00000000 00000000
00:00:02.197327 Hst:                00000040 00000040 00000003 00042120
00:00:02.197328 Gst: 00000006/0000  00000004 00000000 00000000 00000000
00:00:02.197328 Hst:                000007f3 00000002 00000009 00000000
00:00:02.197329 Gst: 00000007/0000  00000000 008c2509 00000000 30000400
00:00:02.197329 Hst:                00000000 009c67a9 00000000 bc000400
00:00:02.197330 Gst: 00000007/0001  00000000 00000000 00000000 00000000
00:00:02.197330 Hst:                00000000 00000000 00000000 00000000
00:00:02.197331 Gst: 00000007/0002  00000000 00000000 00000000 00000000
00:00:02.197331 Hst:                00000000 00000000 00000000 00000000
00:00:02.197332 Gst: 00000008/0000  00000000 00000000 00000000 00000000
00:00:02.197332 Hst:                00000000 00000000 00000000 00000000
00:00:02.197333 Gst: 00000009/0000  00000000 00000000 00000000 00000000
00:00:02.197333 Hst:                00000000 00000000 00000000 00000000
00:00:02.197334 Gst: 0000000a/0000  00000000 00000000 00000000 00000000
00:00:02.197334 Hst:                07300804 00000000 00000000 00000603
00:00:02.197335 Gst: 0000000b/0000  00000000 00000001 00000100 00000000
00:00:02.197335 Hst:                00000001 00000001 00000100 00000006
00:00:02.197336 Gst: 0000000b/0001  00000001 00000002 00000201 00000000
00:00:02.197336 Hst:                00000004 00000006 00000201 00000006
00:00:02.197337 Gst: 0000000b/0002  00000000 00000000 00000002 00000000
00:00:02.197337 Hst:                00000000 00000000 00000002 00000006
00:00:02.197338 Gst: 0000000c/0000  00000000 00000000 00000000 00000000
00:00:02.197338 Hst:                00000000 00000000 00000000 00000000
00:00:02.197339 Gst: 0000000d/0000  00000000 00000000 00000000 00000000
00:00:02.197339 Hst:                0000001f 00000440 00000440 00000000
00:00:02.197340 Gst: 0000000d/0001  00000000 00000000 00000000 00000000
00:00:02.197340 Hst:                0000000f 000003c0 00000000 00000000
00:00:02.197341 Gst: 0000000d/0002  00000000 00000000 00000000 00000000
00:00:02.197341 Hst:                00000100 00000240 00000000 00000000
00:00:02.197342 Gst: 0000000d/0003  00000000 00000000 00000000 00000000
00:00:02.197342 Hst:                00000040 000003c0 00000000 00000000
00:00:02.197343 Gst: 0000000d/0004  00000000 00000000 00000000 00000000
00:00:02.197343 Hst:                00000040 00000400 00000000 00000000
00:00:02.197344 Gst: 0000000d/0005  00000000 00000000 00000000 00000000
00:00:02.197344 Hst:                00000000 00000000 00000000 00000000
00:00:02.197345 Gst: 0000000e/0000  00000000 00000000 00000000 00000000
00:00:02.197345 Hst:                00000000 00000000 00000000 00000000
00:00:02.197346 Gst: 0000000f/0000  00000000 00000000 00000000 00000000
00:00:02.197346 Hst:                00000000 00000000 00000000 00000000
00:00:02.197347 Gst: 00000010/0000  00000000 00000000 00000000 00000000
00:00:02.197347 Hst:                00000000 00000000 00000000 00000000
00:00:02.197348 Gst: 00000011/0000  00000000 00000000 00000000 00000000
00:00:02.197348 Hst:                00000000 00000000 00000000 00000000
00:00:02.197349 Gst: 00000012/0000  00000000 00000000 00000000 00000000
00:00:02.197349 Hst:                00000000 00000000 00000000 00000000
00:00:02.197350 Gst: 00000013/0000  00000000 00000000 00000000 00000000
00:00:02.197350 Hst:                00000000 00000000 00000000 00000000
00:00:02.197351 Gst: 00000014/0000  00000000 00000000 00000000 00000000
00:00:02.197351 Hst:                00000001 0000000f 00000003 00000000
00:00:02.197352 Hst: 00000015/0000  00000002 000000f2 00000000 00000000
00:00:02.197352 Hst: 00000016/0000  00000000 00000000 00000000 00000000
00:00:02.197353                                Name: GenuineIntel
00:00:02.197354                            Supports: 0x00000000-0x00000016
00:00:02.197355                              Family:  6 	Extended: 0 	Effective: 6
00:00:02.197356                               Model: 14 	Extended: 9 	Effective: 158
00:00:02.197357                            Stepping: 10
00:00:02.197357                                Type: 0 (primary)
00:00:02.197358                             APIC ID: 0x00
00:00:02.197358                        Logical CPUs: 2
00:00:02.197359                        CLFLUSH Size: 8
00:00:02.197359                            Brand ID: 0x00
00:00:02.197360 Features
00:00:02.197360   Mnemonic - Description                                  = Guest (Host)
00:00:02.197363   FPU - x87 FPU on Chip                                   = 1 (1)
00:00:02.197364   VME - Virtual 8086 Mode Enhancements                    = 1 (1)
00:00:02.197365   DE - Debugging extensions                               = 1 (1)
00:00:02.197366   PSE - Page Size Extension                               = 1 (1)
00:00:02.197366   TSC - Time Stamp Counter                                = 1 (1)
00:00:02.197367   MSR - Model Specific Registers                          = 1 (1)
00:00:02.197368   PAE - Physical Address Extension                        = 1 (1)
00:00:02.197369   MCE - Machine Check Exception                           = 1 (1)
00:00:02.197369   CX8 - CMPXCHG8B instruction                             = 1 (1)
00:00:02.197370   APIC - APIC On-Chip                                     = 1 (1)
00:00:02.197371   SEP - SYSENTER and SYSEXIT Present                      = 1 (1)
00:00:02.197371   MTRR - Memory Type Range Registers                      = 1 (1)
00:00:02.197372   PGE - PTE Global Bit                                    = 1 (1)
00:00:02.197373   MCA - Machine Check Architecture                        = 1 (1)
00:00:02.197373   CMOV - Conditional Move instructions                    = 1 (1)
00:00:02.197374   PAT - Page Attribute Table                              = 1 (1)
00:00:02.197375   PSE-36 - 36-bit Page Size Extension                     = 1 (1)
00:00:02.197375   PSN - Processor Serial Number                           = 0 (0)
00:00:02.197376   CLFSH - CLFLUSH instruction                             = 1 (1)
00:00:02.197377   DS - Debug Store                                        = 0 (1)
00:00:02.197377   ACPI - Thermal Mon. & Soft. Clock Ctrl.                 = 0 (1)
00:00:02.197378   MMX - Intel MMX Technology                              = 1 (1)
00:00:02.197379   FXSR - FXSAVE and FXRSTOR instructions                  = 1 (1)
00:00:02.197379   SSE - SSE support                                       = 1 (1)
00:00:02.197380   SSE2 - SSE2 support                                     = 1 (1)
00:00:02.197381   SS - Self Snoop                                         = 0 (1)
00:00:02.197382   HTT - Hyper-Threading Technology                        = 1 (1)
00:00:02.197382   TM - Therm. Monitor                                     = 0 (1)
00:00:02.197383   PBE - Pending Break Enabled                             = 0 (1)
00:00:02.197384   SSE3 - SSE3 support                                     = 1 (1)
00:00:02.197385   PCLMUL - PCLMULQDQ support (for AES-GCM)                = 1 (1)
00:00:02.197385   DTES64 - DS Area 64-bit Layout                          = 0 (1)
00:00:02.197386   MONITOR - MONITOR/MWAIT instructions                    = 0 (1)
00:00:02.197386   CPL-DS - CPL Qualified Debug Store                      = 0 (0)
00:00:02.197387   VMX - Virtual Machine Extensions                        = 0 (0)
00:00:02.197388   SMX - Safer Mode Extensions                             = 0 (0)
00:00:02.197388   EST - Enhanced SpeedStep Technology                     = 0 (1)
00:00:02.197389   TM2 - Terminal Monitor 2                                = 0 (1)
00:00:02.197390   SSSE3 - Supplemental Streaming SIMD Extensions 3        = 1 (1)
00:00:02.197390   CNTX-ID - L1 Context ID                                 = 0 (0)
00:00:02.197391   SDBG - Silicon Debug interface                          = 0 (0)
00:00:02.197392   FMA - Fused Multiply Add extensions                     = 0 (1)
00:00:02.197392   CX16 - CMPXCHG16B instruction                           = 1 (1)
00:00:02.197393   TPRUPDATE - xTPR Update Control                         = 0 (1)
00:00:02.197394   PDCM - Perf/Debug Capability MSR                        = 0 (1)
00:00:02.197394   PCID - Process Context Identifiers                      = 1 (1)
00:00:02.197395   DCA - Direct Cache Access                               = 0 (0)
00:00:02.197396   SSE4_1 - SSE4_1 support                                 = 1 (1)
00:00:02.197396   SSE4_2 - SSE4_2 support                                 = 1 (1)
00:00:02.197397   X2APIC - x2APIC support                                 = 0 (1)
00:00:02.197397   MOVBE - MOVBE instruction                               = 1 (1)
00:00:02.197398   POPCNT - POPCNT instruction                             = 1 (1)
00:00:02.197399   TSCDEADL - Time Stamp Counter Deadline                  = 0 (1)
00:00:02.197399   AES - AES instructions                                  = 1 (1)
00:00:02.197400   XSAVE - XSAVE instruction                               = 0 (1)
00:00:02.197401   OSXSAVE - OSXSAVE instruction                           = 0 (1)
00:00:02.197401   AVX - AVX support                                       = 0 (1)
00:00:02.197402   F16C - 16-bit floating point conversion instructions    = 0 (1)
00:00:02.197403   RDRAND - RDRAND instruction                             = 1 (1)
00:00:02.197403   HVP - Hypervisor Present (we're a guest)                = 1 (1)
00:00:02.197404 Structured Extended Feature Flags Enumeration (leaf 7):
00:00:02.197404 Sub-leaf 0
00:00:02.197405   Mnemonic - Description                                  = Guest (Host)
00:00:02.197407   FSGSBASE - RDFSBASE/RDGSBASE/WRFSBASE/WRGSBASE instr.   = 1 (1)
00:00:02.197408   TSCADJUST - Supports MSR_IA32_TSC_ADJUST                = 0 (0)
00:00:02.197408   SGX - Supports Software Guard Extensions                = 0 (0)
00:00:02.197409   BMI1 - Advanced Bit Manipulation extension 1            = 1 (1)
00:00:02.197409   HLE - Hardware Lock Elision                             = 0 (0)
00:00:02.197410   AVX2 - Advanced Vector Extensions 2                     = 0 (1)
00:00:02.197411   FDP_EXCPTN_ONLY - FPU DP only updated on exceptions     = 0 (0)
00:00:02.197411   SMEP - Supervisor Mode Execution Prevention             = 0 (1)
00:00:02.197412   BMI2 - Advanced Bit Manipulation extension 2            = 1 (1)
00:00:02.197412   ERMS - Enhanced REP MOVSB/STOSB instructions            = 0 (1)
00:00:02.197413   INVPCID - INVPCID instruction                           = 1 (1)
00:00:02.197413   RTM - Restricted Transactional Memory                   = 0 (0)
00:00:02.197414   PQM - Platform Quality of Service Monitoring            = 0 (0)
00:00:02.197415   DEPFPU_CS_DS - Deprecates FPU CS, FPU DS values if set  = 1 (1)
00:00:02.197416   MPE - Intel Memory Protection Extensions                = 0 (1)
00:00:02.197416   PQE - Platform Quality of Service Enforcement           = 0 (0)
00:00:02.197417   AVX512F - AVX512 Foundation instructions                = 0 (0)
00:00:02.197417   AVX512DQ - Supports the AVX512DQ instructions           = 0 (0)
00:00:02.197418   RDSEED - RDSEED instruction                             = 1 (1)
00:00:02.197418   ADX - ADCX/ADOX instructions                            = 1 (1)
00:00:02.197419   SMAP - Supervisor Mode Access Prevention                = 0 (1)
00:00:02.197420   AVX512_IFMA - Supports the AVX512_IFMA instructions     = 0 (0)
00:00:02.197420   CLFLUSHOPT - CLFLUSHOPT (Cache Line Flush) instruction  = 1 (1)
00:00:02.197421   CLWB - CLWB instruction                                 = 0 (0)
00:00:02.197421   INTEL_PT - Intel Processor Trace                        = 0 (0)
00:00:02.197422   AVX512PF - AVX512 Prefetch instructions                 = 0 (0)
00:00:02.197423   AVX512ER - AVX512 Exponential & Reciprocal instructions = 0 (0)
00:00:02.197423   AVX512CD - AVX512 Conflict Detection instructions       = 0 (0)
00:00:02.197424   SHA - Secure Hash Algorithm extensions                  = 0 (0)
00:00:02.197424   AVX512BW - Supports the AVX512BW instructions           = 0 (0)
00:00:02.197425   AVX512VL - Supports the AVX512VL instructions           = 0 (0)
00:00:02.197425   PREFETCHWT1 - PREFETCHWT1 instruction                   = 0 (0)
00:00:02.197426   AVX512_VBMI - Supports the AVX512_VBMI instructions     = 0 (0)
00:00:02.197426   UMIP - User mode insturction prevention                 = 0 (0)
00:00:02.197427   PKU - Protection Key for Usermode pages                 = 0 (0)
00:00:02.197427   OSPKE - CR4.PKU mirror                                  = 0 (0)
00:00:02.197428   WAITPKG - TPAUSE, UMONITOR & UMWAIT support             = 0 (0)
00:00:02.197429   AVX512_VBMI2 - Supports the AVX512_VBMI2 instructions   = 0 (0)
00:00:02.197429   CET_SS - CET shadow stack support                       = 0 (0)
00:00:02.197430   GFNI - Supports the GFNI instruction set                = 0 (0)
00:00:02.197430   VAES - Supports the VEX encoded AES instruction set     = 0 (0)
00:00:02.197431   VPCLMULQDQ - Supports the VPCLMULQDQ instruction        = 0 (0)
00:00:02.197431   AVX512_VNNI - Supports the AVX512_VNNI instructions     = 0 (0)
00:00:02.197432   AVX512_BITALG - Supports the AVX512_BITALG instructions = 0 (0)
00:00:02.197432   TME_EN - Supports 4 IA32_TME_ MSRs                      = 0 (0)
00:00:02.197433   AVX512_VPOPCNTDQ - Supports the AVX512_VPOPCNTDQ instructions = 0 (0)
00:00:02.197433   LA57 - 57-bit linear addresses                          = 0 (0)
00:00:02.197434   MAWAU - Value used by BNDLDX & BNDSTX                   = 0x0 (0x0)
00:00:02.197435   RDPID - Read processor ID support                       = 0 (0)
00:00:02.197435   KEY_LOCKER - Supports Key Locker                        = 0 (0)
00:00:02.197436   BUS_LOCK_DETECT - Supports OS bus-lock detection        = 0 (0)
00:00:02.197436   CLDEMOTE - Supports cache line demote                   = 0 (0)
00:00:02.197437   MOVDIRI - Supports the MOVDIRI instruction              = 0 (0)
00:00:02.197438   MOVDIRI64B - Supports the MOVDIRI64B instruction        = 0 (0)
00:00:02.197438   ENQCMD - Supports the Eqnqueue Stores                   = 0 (0)
00:00:02.197439   SGX_LC - Supports SGX Launch Configuration              = 0 (0)
00:00:02.197441   PKS - Supports protection keys for supervisor pages     = 0 (0)
00:00:02.197442   SGX_KEYS - Supports Attestation Service for Intel SGX   = 0 (0)
00:00:02.197442   AVX512_4VNNIW - Supports the AVX512_4VNNIW instructions = 0 (0)
00:00:02.197442   AVX512_4FMAPS - Supports the AVX512_4FMAPS instructions = 0 (0)
00:00:02.197443   FAST_SHORT_REP_MOVSB - Supports fast short REP MOVSB    = 0 (0)
00:00:02.197443   UINTR - Supports user interrupts                        = 0 (0)
00:00:02.197444   AVX512_VP2INTERSECT - Supports the AVX512_VP2INTERSECT instr. = 0 (0)
00:00:02.197445   MCU_OPT_CTRL - Supports IA32_MCU_OPT_CTRL               = 0 (0)
00:00:02.197445   MD_CLEAR - Supports MDS related buffer clearing         = 1 (1)
00:00:02.197446   RTM_ALWAYS_ABORT - XBEGIN always aborts and does fallback = 0 (0)
00:00:02.197446   RTM_FORCE_ABORT - Supports IA32_TSX_FORCE_ABORT         = 0 (0)
00:00:02.197447   SERIALIZE - Supports the SERIALIZE instruction          = 0 (0)
00:00:02.197447   HYBRID - Identifiers the CPU as a hybrid part           = 0 (0)
00:00:02.197448   TSXLDTRK - Supports susp/resume of TSX ld addr tracking = 0 (0)
00:00:02.197448   PCONFIG - Supports the PCONFIG instruction              = 0 (0)
00:00:02.197449   ARCH_LBRS - Supports architectural LBRs                 = 0 (0)
00:00:02.197450   CET_IBT - Supports indirect branch tracking w/ CET      = 0 (0)
00:00:02.197450   AMX_BF16 - Supports tile comp. ops on bfloat16 number   = 0 (0)
00:00:02.197451   AVX512_FP16 - Supports the FP16 data type with AVX512   = 0 (0)
00:00:02.197451   AMX_TILE - Supports the tile architecture               = 0 (0)
00:00:02.197452   AMX_INT8 - Supports tile comp. ops on 8-bit integers    = 0 (0)
00:00:02.197452   IBRS_IBPB - IA32_SPEC_CTRL.IBRS and IA32_PRED_CMD.IBPB  = 0 (1)
00:00:02.197453   STIBP - Supports IA32_SPEC_CTRL.STIBP                   = 0 (1)
00:00:02.197453   FLUSH_CMD - Supports IA32_FLUSH_CMD                     = 1 (1)
00:00:02.197454   ARCHCAP - Supports IA32_ARCH_CAP                        = 1 (1)
00:00:02.197455   CORECAP - Supports IA32_CORE_CAP                        = 0 (0)
00:00:02.197455   SSBD - Supports IA32_SPEC_CTRL.SSBD                     = 0 (1)
00:00:02.197456  Sub-leaf 2
00:00:02.197456   Mnemonic - Description                                  = Guest (Host)
00:00:02.197457   PSFD - Supports IA32_SPEC_CTRL[7] (PSFD)                = 0 (0)
00:00:02.197458   IPRED_CTRL - Supports IA32_SPEC_CTRL[4:3] (IPRED_DIS)   = 0 (0)
00:00:02.197458   RRSBA_CTRL - Supports IA32_SPEC_CTRL[6:5] (RRSBA_DIS)   = 0 (0)
00:00:02.197459   DDPD_U - Supports IA32_SPEC_CTRL[8] (DDPD_U)            = 0 (0)
00:00:02.197459   BHI_CTRL - Supports IA32_SPEC_CTRL[10] (BHI_DIS_S)      = 0 (0)
00:00:02.197460   MCDT_NO - No MXCSR Config Dependent Timing issues       = 0 (0)
00:00:02.197460   UC_LOCK_DIS - Supports UC-lock disable and causing #AC  = 0 (0)
00:00:02.197461   MONITOR_MITG_NO - No MONITOR/UMONITOR power issues      = 0 (0)
00:00:02.197461 Processor Extended State Enumeration (leaf 0xd):
00:00:02.197462    XSAVE area cur/max size by XCR0, Guest: 0x0/0x0
00:00:02.197462    XSAVE area cur/max size by XCR0,  Host: 0x440/0x440
00:00:02.197463                    Valid XCR0 bits, Guest: 0x00000000`00000000
00:00:02.197464                    Valid XCR0 bits,  Host: 0x00000000`0000001f ( x87 SSE YMM_Hi128 BNDREGS BNDCSR )
00:00:02.197465                     XSAVE features, Guest
00:00:02.197466                     XSAVE features,  Host XSAVEOPT XSAVEC XGETBC1 XSAVES
00:00:02.197467       XSAVE area cur size XCR0|XSS, Guest: 0x0
00:00:02.197468       XSAVE area cur size XCR0|XSS,  Host: 0x3c0
00:00:02.197468                Valid IA32_XSS bits, Guest: 0x00000000`00000000
00:00:02.197468                Valid IA32_XSS bits,  Host: 0x00000000`00000000
00:00:02.197469   State #2,  Host:  off=0x0240, cb=0x0100 IA32_XSS-bit -- YMM_Hi128
00:00:02.197470   State #3,  Host:  off=0x03c0, cb=0x0040 IA32_XSS-bit -- BNDREGS
00:00:02.197471   State #4,  Host:  off=0x0400, cb=0x0040 IA32_XSS-bit -- BNDCSR
00:00:02.197476          Raw Hypervisor CPUID Leaves
00:00:02.197476      Leaf/sub-leaf  eax      ebx      ecx      edx
00:00:02.197476 Gst: 40000000/0000  40000001 4b4d564b 564b4d56 0000004d
00:00:02.197477 Hst:                4000000c 7263694d 666f736f 76482074
00:00:02.197478 Gst: 40000001/0000  01000089 00000000 00000000 00000000
00:00:02.197479 Hst:                31237648 00000000 00000000 00000000
00:00:02.197479 Hst: 40000002/0000  000065f4 000a0000 00000009 000024e4
00:00:02.197480 Hst: 40000003/0000  00003fff 002bb9ff 00000222 7dfefbf6
00:00:02.197481 Hst: 40000004/0000  00960d1c 00000000 0000002e 00000000
00:00:02.197481 Hst: 40000005/0000  00000800 00000800 0000045c 00000000
00:00:02.197482 Hst: 40000006/0000  087200af 00000027 00000000 00000000
00:00:02.197483 Hst: 40000007/0000  80000007 0000000b 00000000 00000000
00:00:02.197483 Hst: 40000008/0000  00000000 00000000 00000000 00000000
00:00:02.197484 Hst: 40000009/0000  00000000 00000000 00000000 00000000
00:00:02.197484 Hst: 4000000a/0000  00000000 00000000 00000000 00000000
00:00:02.197485 Hst: 4000000b/0000  001ff002 00000000 00000000 00000000
00:00:02.197485 Hst: 4000000c/0000  00000000 00000000 00000000 00000000
00:00:02.197486          Raw Extended CPUID Leaves
00:00:02.197486      Leaf/sub-leaf  eax      ebx      ecx      edx
00:00:02.197487 Gst: 80000000/0000  80000008 00000000 00000000 00000000
00:00:02.197487 Hst:                80000008 00000000 00000000 00000000
00:00:02.197488 Gst: 80000001/0000  00000000 00000000 00000121 28100800
00:00:02.197489 Hst:                00000000 00000000 00000121 2c100800
00:00:02.197489 Gst: 80000002/0000  65746e49 2952286c 726f4320 4d542865
00:00:02.197490 Hst:                65746e49 2952286c 726f4320 4d542865
00:00:02.197491 Gst: 80000003/0000  35692029 3034392d 50432030 20402055
00:00:02.197491 Hst:                35692029 3034392d 50432030 20402055
00:00:02.197492 Gst: 80000004/0000  30392e32 007a4847 00000000 00000000
00:00:02.197493 Hst:                30392e32 007a4847 00000000 00000000
00:00:02.197493 Gst: 80000005/0000  00000000 00000000 00000000 00000000
00:00:02.197494 Hst:                00000000 00000000 00000000 00000000
00:00:02.197494 Gst: 80000006/0000  00000000 00000000 01006040 00000000
00:00:02.197495 Hst:                00000000 00000000 01006040 00000000
00:00:02.197495 Gst: 80000007/0000  00000000 00000000 00000000 00000100
00:00:02.197496 Hst:                00000000 00000000 00000000 00000100
00:00:02.197497 Gst: 80000008/0000  00003027 00000000 00000000 00000000
00:00:02.197497 Hst:                00003027 00000000 00000000 00000000
00:00:02.197498 Ext Name:                        
00:00:02.197498 Ext Supports:                    0x80000000-0x80000008
00:00:02.197499 Family:                          0  	Extended: 0 	Effective: 0
00:00:02.197499 Model:                           0  	Extended: 0 	Effective: 0
00:00:02.197500 Stepping:                        0
00:00:02.197500 Brand ID:                        0x000
00:00:02.197500 Ext Features
00:00:02.197501   Mnemonic - Description                                  = Guest (Host)
00:00:02.197501   FPU - x87 FPU on Chip                                   = 0 (0)
00:00:02.197502   VME - Virtual 8086 Mode Enhancements                    = 0 (0)
00:00:02.197503   DE - Debugging extensions                               = 0 (0)
00:00:02.197504   PSE - Page Size Extension                               = 0 (0)
00:00:02.197504   TSC - Time Stamp Counter                                = 0 (0)
00:00:02.197507   MSR - K86 Model Specific Registers                      = 0 (0)
00:00:02.197508   PAE - Physical Address Extension                        = 0 (0)
00:00:02.197509   MCE - Machine Check Exception                           = 0 (0)
00:00:02.197509   CX8 - CMPXCHG8B instruction                             = 0 (0)
00:00:02.197510   APIC - APIC On-Chip                                     = 0 (0)
00:00:02.197511   SEP - SYSCALL/SYSRET                                    = 1 (1)
00:00:02.197511   MTRR - Memory Type Range Registers                      = 0 (0)
00:00:02.197512   PGE - PTE Global Bit                                    = 0 (0)
00:00:02.197513   MCA - Machine Check Architecture                        = 0 (0)
00:00:02.197513   CMOV - Conditional Move instructions                    = 0 (0)
00:00:02.197514   PAT - Page Attribute Table                              = 0 (0)
00:00:02.197515   PSE-36 - 36-bit Page Size Extension                     = 0 (0)
00:00:02.197515   NX - No-Execute/Execute-Disable                         = 1 (1)
00:00:02.197516   AXMMX - AMD Extensions to MMX instructions              = 0 (0)
00:00:02.197517   MMX - Intel MMX Technology                              = 0 (0)
00:00:02.197517   FXSR - FXSAVE and FXRSTOR Instructions                  = 0 (0)
00:00:02.197518   FFXSR - AMD fast FXSAVE and FXRSTOR instructions        = 0 (0)
00:00:02.197518   Page1GB - 1 GB large page                               = 0 (1)
00:00:02.197519   RDTSCP - RDTSCP instruction                             = 1 (1)
00:00:02.197520   LM - AMD64 Long Mode                                    = 1 (1)
00:00:02.197520   3DNOWEXT - AMD Extensions to 3DNow                      = 0 (0)
00:00:02.197521   3DNOW - AMD 3DNow                                       = 0 (0)
00:00:02.197522   LahfSahf - LAHF/SAHF support in 64-bit mode             = 1 (1)
00:00:02.197522   CmpLegacy - Core multi-processing legacy mode           = 0 (0)
00:00:02.197523   SVM - AMD Secure Virtual Machine extensions             = 0 (0)
00:00:02.197523   EXTAPIC - AMD Extended APIC registers                   = 0 (0)
00:00:02.197524   CR8L - AMD LOCK MOV CR0 means MOV CR8                   = 0 (0)
00:00:02.197525   ABM - AMD Advanced Bit Manipulation                     = 1 (1)
00:00:02.197525   SSE4A - SSE4A instructions                              = 0 (0)
00:00:02.197526   MISALIGNSSE - AMD Misaligned SSE mode                   = 0 (0)
00:00:02.197526   3DNOWPRF - AMD PREFETCH and PREFETCHW instructions      = 1 (1)
00:00:02.197527   OSVW - AMD OS Visible Workaround                        = 0 (0)
00:00:02.197528   IBS - Instruct Based Sampling                           = 0 (0)
00:00:02.197528   XOP - Extended Operation support                        = 0 (0)
00:00:02.197529   SKINIT - SKINIT, STGI, and DEV support                  = 0 (0)
00:00:02.197529   WDT - AMD Watchdog Timer support                        = 0 (0)
00:00:02.197530   LWP - Lightweight Profiling support                     = 0 (0)
00:00:02.197531   FMA4 - Four operand FMA instruction support             = 0 (0)
00:00:02.197531   TCE - Translation Cache Extension support               = 0 (0)
00:00:02.197532   NodeId - NodeId in MSR C001_100C                        = 0 (0)
00:00:02.197532   TBM - Trailing Bit Manipulation instructions            = 0 (0)
00:00:02.197533   TOPOEXT - Topology Extensions                           = 0 (0)
00:00:02.197534   PRFEXTCORE - Performance Counter Extensions support     = 0 (0)
00:00:02.197534   PRFEXTNB - NB Performance Counter Extensions support    = 0 (0)
00:00:02.197535   DATABPEXT - Data-access Breakpoint Extension            = 0 (0)
00:00:02.197535   PERFTSC - Performance Time Stamp Counter                = 0 (0)
00:00:02.197536   PCX_L2I - L2I/L3 Performance Counter Extensions         = 0 (0)
00:00:02.197536   MONITORX - MWAITX and MONITORX instructions             = 0 (0)
00:00:02.197537   AddrMaskExt - BP Addressing masking extended to bit 31  = 0 (0)
00:00:02.197539 Full Name:                       "Intel(R) Core(TM) i5-9400 CPU @ 2.90GHz"
00:00:02.197540 TLB 2/4M Instr/Uni:              res0     0 entries
00:00:02.197540 TLB 2/4M Data:                   res0     0 entries
00:00:02.197541 TLB 4K Instr/Uni:                res0     0 entries
00:00:02.197541 TLB 4K Data:                     res0     0 entries
00:00:02.197541 L1 Instr Cache Line Size:        0 bytes
00:00:02.197542 L1 Instr Cache Lines Per Tag:    0
00:00:02.197542 L1 Instr Cache Associativity:    res0  
00:00:02.197542 L1 Instr Cache Size:             0 KB
00:00:02.197543 L1 Data Cache Line Size:         0 bytes
00:00:02.197543 L1 Data Cache Lines Per Tag:     0
00:00:02.197543 L1 Data Cache Associativity:     res0  
00:00:02.197543 L1 Data Cache Size:              0 KB
00:00:02.197544 L2 TLB 2/4M Instr/Uni:           off       0 entries
00:00:02.197544 L2 TLB 2/4M Data:                off       0 entries
00:00:02.197544 L2 TLB 4K Instr/Uni:             off       0 entries
00:00:02.197544 L2 TLB 4K Data:                  off       0 entries
00:00:02.197545 L2 Cache Line Size:              64 bytes
00:00:02.197545 L2 Cache Lines Per Tag:          0
00:00:02.197545 L2 Cache Associativity:          8 way 
00:00:02.197545 L2 Cache Size:                   256 KB
00:00:02.197546 L3 Cache Line Size:              0 bytes
00:00:02.197546 L3 Cache Lines Per Tag:          0
00:00:02.197546 L3 Cache Associativity:          off   
00:00:02.197547 L3 Cache Size:                   0 KB
00:00:02.197547 APM Features EDX
00:00:02.197547   Mnemonic - Description                                  = Guest (Host)
00:00:02.197550   TS - Temperature Sensor                                 = 0 (0)
00:00:02.197550   FID - Frequency ID control                              = 0 (0)
00:00:02.197551   VID - Voltage ID control                                = 0 (0)
00:00:02.197552   TTP - Thermal Trip                                      = 0 (0)
00:00:02.197552   TM - Hardware Thermal Control (HTC)                     = 0 (0)
00:00:02.197553   100MHzSteps - 100 MHz Multiplier control                = 0 (0)
00:00:02.197554   HwPstate - Hardware P-state control                     = 0 (0)
00:00:02.197554   TscInvariant - Invariant Time Stamp Counter             = 1 (1)
00:00:02.197555   CPB - Core Performance Boost                            = 0 (0)
00:00:02.197555   EffFreqRO - Read-only Effective Frequency Interface     = 0 (0)
00:00:02.197556   ProcFdbkIf - Processor Feedback Interface               = 0 (0)
00:00:02.197557   ProcPwrRep - Core power reporting interface support     = 0 (0)
00:00:02.197557   ConnectedStandby - Connected Standby                    = 0 (0)
00:00:02.197558   RAPL - Running average power limit                      = 0 (0)
00:00:02.197558 Physical Address Width:          39 bits
00:00:02.197559 Virtual Address Width:           48 bits
00:00:02.197559 Max page count for INVLPGB:      0x3027
00:00:02.197560 Max ECX for RDPRU:               0x0
00:00:02.197561 ********************* End of CPUID dump *********************
00:00:02.197617 VMEmt: Halt method global1 (5)
00:00:02.197722 VMEmt: HaltedGlobal1 config: cNsSpinBlockThresholdCfg=50000
00:00:02.197793 Changing the VM state from 'CREATING' to 'CREATED'
00:00:02.199097 NAT: DNS settings changed, triggering update
00:00:02.199111 NAT DNS Update: Stored 319311626 as nameserver #0
00:00:02.199116 NAT DNS Update: Stored 1 total nameservers
00:00:02.199759 Changing the VM state from 'CREATED' to 'POWERING_ON'
00:00:02.200051 VMSVGA3d: cap[0]=0x00000000 {3D}
00:00:02.200054 VMSVGA3d: cap[1]=0x00000000 {MAX_LIGHTS}
00:00:02.200055 VMSVGA3d: cap[2]=0x00000000 {MAX_TEXTURES}
00:00:02.200055 VMSVGA3d: cap[3]=0x00000000 {MAX_CLIP_PLANES}
00:00:02.200056 VMSVGA3d: cap[4]=0x00000000 {VERTEX_SHADER_VERSION}
00:00:02.200058 VMSVGA3d: cap[5]=0x00000000 {VERTEX_SHADER}
00:00:02.200058 VMSVGA3d: cap[6]=0x00000000 {FRAGMENT_SHADER_VERSION}
00:00:02.200059 VMSVGA3d: cap[7]=0x00000000 {FRAGMENT_SHADER}
00:00:02.200059 VMSVGA3d: cap[8]=0x00000000 {MAX_RENDER_TARGETS}
00:00:02.200060 VMSVGA3d: cap[9]=0x00000000 {S23E8_TEXTURES}
00:00:02.200060 VMSVGA3d: cap[10]=0x00000000 {S10E5_TEXTURES}
00:00:02.200060 VMSVGA3d: cap[11]=0x00000000 {MAX_FIXED_VERTEXBLEND}
00:00:02.200061 VMSVGA3d: cap[12]=0x00000000 {D16_BUFFER_FORMAT}
00:00:02.200061 VMSVGA3d: cap[13]=0x00000000 {D24S8_BUFFER_FORMAT}
00:00:02.200062 VMSVGA3d: cap[14]=0x00000000 {D24X8_BUFFER_FORMAT}
00:00:02.200062 VMSVGA3d: cap[15]=0x00000000 {QUERY_TYPES}
00:00:02.200062 VMSVGA3d: cap[16]=0x00000000 {TEXTURE_GRADIENT_SAMPLING}
00:00:02.200063 VMSVGA3d: cap[17]=0.000000 {MAX_POINT_SIZE}
00:00:02.200064 VMSVGA3d: cap[18]=0x00000000 {MAX_SHADER_TEXTURES}
00:00:02.200064 VMSVGA3d: cap[19]=0x00004000 {MAX_TEXTURE_WIDTH}
00:00:02.200065 VMSVGA3d: cap[20]=0x00004000 {MAX_TEXTURE_HEIGHT}
00:00:02.200065 VMSVGA3d: cap[21]=0x00000000 {MAX_VOLUME_EXTENT}
00:00:02.200066 VMSVGA3d: cap[22]=0x00000000 {MAX_TEXTURE_REPEAT}
00:00:02.200066 VMSVGA3d: cap[23]=0x00000000 {MAX_TEXTURE_ASPECT_RATIO}
00:00:02.200066 VMSVGA3d: cap[24]=0x00000000 {MAX_TEXTURE_ANISOTROPY}
00:00:02.200067 VMSVGA3d: cap[25]=0x00000000 {MAX_PRIMITIVE_COUNT}
00:00:02.200067 VMSVGA3d: cap[26]=0x00000000 {MAX_VERTEX_INDEX}
00:00:02.200085 VMSVGA3d: cap[27]=0x00000000 {MAX_VERTEX_SHADER_INSTRUCTIONS}
00:00:02.200086 VMSVGA3d: cap[28]=0x00000000 {MAX_FRAGMENT_SHADER_INSTRUCTIONS}
00:00:02.200086 VMSVGA3d: cap[29]=0x00000000 {MAX_VERTEX_SHADER_TEMPS}
00:00:02.200087 VMSVGA3d: cap[30]=0x00000000 {MAX_FRAGMENT_SHADER_TEMPS}
00:00:02.200087 VMSVGA3d: cap[31]=0x00000000 {TEXTURE_OPS}
00:00:02.200088 VMSVGA3d: cap[32]=0x00000000 {SURFACEFMT_X8R8G8B8}
00:00:02.200088 VMSVGA3d: cap[33]=0x00000000 {SURFACEFMT_A8R8G8B8}
00:00:02.200089 VMSVGA3d: cap[34]=0x00000000 {SURFACEFMT_A2R10G10B10}
00:00:02.200089 VMSVGA3d: cap[35]=0x00000000 {SURFACEFMT_X1R5G5B5}
00:00:02.200089 VMSVGA3d: cap[36]=0x00000000 {SURFACEFMT_A1R5G5B5}
00:00:02.200090 VMSVGA3d: cap[37]=0x00000000 {SURFACEFMT_A4R4G4B4}
00:00:02.200090 VMSVGA3d: cap[38]=0x00000000 {SURFACEFMT_R5G6B5}
00:00:02.200091 VMSVGA3d: cap[39]=0x00000000 {SURFACEFMT_LUMINANCE16}
00:00:02.200091 VMSVGA3d: cap[40]=0x00000000 {SURFACEFMT_LUMINANCE8_ALPHA8}
00:00:02.200092 VMSVGA3d: cap[41]=0x00000000 {SURFACEFMT_ALPHA8}
00:00:02.200092 VMSVGA3d: cap[42]=0x00000000 {SURFACEFMT_LUMINANCE8}
00:00:02.200092 VMSVGA3d: cap[43]=0x00000000 {SURFACEFMT_Z_D16}
00:00:02.200093 VMSVGA3d: cap[44]=0x00000000 {SURFACEFMT_Z_D24S8}
00:00:02.200093 VMSVGA3d: cap[45]=0x00000000 {SURFACEFMT_Z_D24X8}
00:00:02.200094 VMSVGA3d: cap[46]=0x00000000 {SURFACEFMT_DXT1}
00:00:02.200094 VMSVGA3d: cap[47]=0x00000000 {SURFACEFMT_DXT2}
00:00:02.200095 VMSVGA3d: cap[48]=0x00000000 {SURFACEFMT_DXT3}
00:00:02.200095 VMSVGA3d: cap[49]=0x00000000 {SURFACEFMT_DXT4}
00:00:02.200096 VMSVGA3d: cap[50]=0x00000000 {SURFACEFMT_DXT5}
00:00:02.200096 VMSVGA3d: cap[51]=0x00000000 {SURFACEFMT_BUMPX8L8V8U8}
00:00:02.200096 VMSVGA3d: cap[52]=0x00000000 {SURFACEFMT_A2W10V10U10}
00:00:02.200097 VMSVGA3d: cap[53]=0x00000000 {SURFACEFMT_BUMPU8V8}
00:00:02.200097 VMSVGA3d: cap[54]=0x00000000 {SURFACEFMT_Q8W8V8U8}
00:00:02.200098 VMSVGA3d: cap[55]=0x00000000 {SURFACEFMT_CxV8U8}
00:00:02.200098 VMSVGA3d: cap[56]=0x00000000 {SURFACEFMT_R_S10E5}
00:00:02.200099 VMSVGA3d: cap[57]=0x00000000 {SURFACEFMT_R_S23E8}
00:00:02.200099 VMSVGA3d: cap[58]=0x00000000 {SURFACEFMT_RG_S10E5}
00:00:02.200099 VMSVGA3d: cap[59]=0x00000000 {SURFACEFMT_RG_S23E8}
00:00:02.200100 VMSVGA3d: cap[60]=0x00000000 {SURFACEFMT_ARGB_S10E5}
00:00:02.200100 VMSVGA3d: cap[61]=0x00000000 {SURFACEFMT_ARGB_S23E8}
00:00:02.200101 VMSVGA3d: cap[62]=0x00000000 {MISSING62}
00:00:02.200101 VMSVGA3d: cap[63]=0x00000000 {MAX_VERTEX_SHADER_TEXTURES}
00:00:02.200102 VMSVGA3d: cap[64]=0x00000000 {MAX_SIMULTANEOUS_RENDER_TARGETS}
00:00:02.200102 VMSVGA3d: cap[65]=0x00000000 {SURFACEFMT_V16U16}
00:00:02.200103 VMSVGA3d: cap[66]=0x00000000 {SURFACEFMT_G16R16}
00:00:02.200103 VMSVGA3d: cap[67]=0x00000000 {SURFACEFMT_A16B16G16R16}
00:00:02.200104 VMSVGA3d: cap[68]=0x00000000 {SURFACEFMT_UYVY}
00:00:02.200104 VMSVGA3d: cap[69]=0x00000000 {SURFACEFMT_YUY2}
00:00:02.200104 VMSVGA3d: cap[70]=0x00000000 {DEAD4}
00:00:02.200105 VMSVGA3d: cap[71]=0x00000000 {DEAD5}
00:00:02.200105 VMSVGA3d: cap[72]=0x00000000 {DEAD7}
00:00:02.200106 VMSVGA3d: cap[73]=0x00000000 {DEAD6}
00:00:02.200106 VMSVGA3d: cap[74]=0x00000000 {AUTOGENMIPMAPS}
00:00:02.200107 VMSVGA3d: cap[75]=0x00000000 {SURFACEFMT_NV12}
00:00:02.200107 VMSVGA3d: cap[76]=0x00000000 {DEAD10}
00:00:02.200107 VMSVGA3d: cap[77]=0x00000000 {MAX_CONTEXT_IDS}
00:00:02.200108 VMSVGA3d: cap[78]=0x00000000 {MAX_SURFACE_IDS}
00:00:02.200108 VMSVGA3d: cap[79]=0x00000000 {SURFACEFMT_Z_DF16}
00:00:02.200109 VMSVGA3d: cap[80]=0x00000000 {SURFACEFMT_Z_DF24}
00:00:02.200109 VMSVGA3d: cap[81]=0x00000000 {SURFACEFMT_Z_D24S8_INT}
00:00:02.200110 VMSVGA3d: cap[82]=0x00000000 {SURFACEFMT_ATI1}
00:00:02.200110 VMSVGA3d: cap[83]=0x00000000 {SURFACEFMT_ATI2}
00:00:02.200110 VMSVGA3d: cap[84]=0x00000000 {DEAD1}
00:00:02.200111 VMSVGA3d: cap[85]=0x00000000 {DEAD8}
00:00:02.200111 VMSVGA3d: cap[86]=0x00000000 {DEAD9}
00:00:02.200112 VMSVGA3d: cap[87]=0x00000000 {LINE_AA}
00:00:02.200112 VMSVGA3d: cap[88]=0x00000000 {LINE_STIPPLE}
00:00:02.200113 VMSVGA3d: cap[89]=0.000000 {MAX_LINE_WIDTH}
00:00:02.200113 VMSVGA3d: cap[90]=0.000000 {MAX_AA_LINE_WIDTH}
00:00:02.200114 VMSVGA3d: cap[91]=0x00000000 {SURFACEFMT_YV12}
00:00:02.200114 VMSVGA3d: cap[92]=0x00000000 {DEAD3}
00:00:02.200114 VMSVGA3d: cap[93]=0x00000000 {TS_COLOR_KEY}
00:00:02.200115 VMSVGA3d: cap[94]=0x00000000 {DEAD2}
00:00:02.200115 VMSVGA3d: cap[95]=0x00000000 {DXCONTEXT}
00:00:02.200116 VMSVGA3d: cap[96]=0x00000000 {DEAD11}
00:00:02.200116 VMSVGA3d: cap[97]=0x00000000 {DX_MAX_VERTEXBUFFERS}
00:00:02.200117 VMSVGA3d: cap[98]=0x00000000 {DX_MAX_CONSTANT_BUFFERS}
00:00:02.200117 VMSVGA3d: cap[99]=0x00000000 {DX_PROVOKING_VERTEX}
00:00:02.200118 VMSVGA3d: cap[100]=0x00000005 {DXFMT_X8R8G8B8}
00:00:02.200118 VMSVGA3d: cap[101]=0x00000000 {DXFMT_A8R8G8B8}
00:00:02.200119 VMSVGA3d: cap[102]=0x00000000 {DXFMT_R5G6B5}
00:00:02.200119 VMSVGA3d: cap[103]=0x00000000 {DXFMT_X1R5G5B5}
00:00:02.200119 VMSVGA3d: cap[104]=0x00000000 {DXFMT_A1R5G5B5}
00:00:02.200120 VMSVGA3d: cap[105]=0x00000000 {DXFMT_A4R4G4B4}
00:00:02.200120 VMSVGA3d: cap[106]=0x00000000 {DXFMT_Z_D32}
00:00:02.200121 VMSVGA3d: cap[107]=0x00000000 {DXFMT_Z_D16}
00:00:02.200121 VMSVGA3d: cap[108]=0x00000000 {DXFMT_Z_D24S8}
00:00:02.200122 VMSVGA3d: cap[109]=0x00000000 {DXFMT_Z_D15S1}
00:00:02.200122 VMSVGA3d: cap[110]=0x00000000 {DXFMT_LUMINANCE8}
00:00:02.200140 VMSVGA3d: cap[111]=0x00000000 {DXFMT_LUMINANCE4_ALPHA4}
00:00:02.200140 VMSVGA3d: cap[112]=0x00000000 {DXFMT_LUMINANCE16}
00:00:02.200141 VMSVGA3d: cap[113]=0x00000000 {DXFMT_LUMINANCE8_ALPHA8}
00:00:02.200141 VMSVGA3d: cap[114]=0x00000000 {DXFMT_DXT1}
00:00:02.200142 VMSVGA3d: cap[115]=0x00000000 {DXFMT_DXT2}
00:00:02.200142 VMSVGA3d: cap[116]=0x00000000 {DXFMT_DXT3}
00:00:02.200142 VMSVGA3d: cap[117]=0x00000000 {DXFMT_DXT4}
00:00:02.200143 VMSVGA3d: cap[118]=0x00000000 {DXFMT_DXT5}
00:00:02.200143 VMSVGA3d: cap[119]=0x00000000 {DXFMT_BUMPU8V8}
00:00:02.200143 VMSVGA3d: cap[120]=0x00000000 {DXFMT_BUMPL6V5U5}
00:00:02.200144 VMSVGA3d: cap[121]=0x00000000 {DXFMT_BUMPX8L8V8U8}
00:00:02.200144 VMSVGA3d: cap[122]=0x00000000 {DXFMT_FORMAT_DEAD1}
00:00:02.200145 VMSVGA3d: cap[123]=0x00000000 {DXFMT_ARGB_S10E5}
00:00:02.200147 VMSVGA3d: cap[124]=0x00000000 {DXFMT_ARGB_S23E8}
00:00:02.200148 VMSVGA3d: cap[125]=0x00000000 {DXFMT_A2R10G10B10}
00:00:02.200148 VMSVGA3d: cap[126]=0x00000000 {DXFMT_V8U8}
00:00:02.200149 VMSVGA3d: cap[127]=0x00000000 {DXFMT_Q8W8V8U8}
00:00:02.200167 VMSVGA3d: cap[128]=0x00000000 {DXFMT_CxV8U8}
00:00:02.200168 VMSVGA3d: cap[129]=0x00000000 {DXFMT_X8L8V8U8}
00:00:02.200168 VMSVGA3d: cap[130]=0x00000000 {DXFMT_A2W10V10U10}
00:00:02.200169 VMSVGA3d: cap[131]=0x00000000 {DXFMT_ALPHA8}
00:00:02.200169 VMSVGA3d: cap[132]=0x00000000 {DXFMT_R_S10E5}
00:00:02.200170 VMSVGA3d: cap[133]=0x00000000 {DXFMT_R_S23E8}
00:00:02.200170 VMSVGA3d: cap[134]=0x00000000 {DXFMT_RG_S10E5}
00:00:02.200171 VMSVGA3d: cap[135]=0x00000000 {DXFMT_RG_S23E8}
00:00:02.200171 VMSVGA3d: cap[136]=0x00000000 {DXFMT_BUFFER}
00:00:02.200171 VMSVGA3d: cap[137]=0x00000000 {DXFMT_Z_D24X8}
00:00:02.200172 VMSVGA3d: cap[138]=0x00000000 {DXFMT_V16U16}
00:00:02.200172 VMSVGA3d: cap[139]=0x00000000 {DXFMT_G16R16}
00:00:02.200173 VMSVGA3d: cap[140]=0x00000000 {DXFMT_A16B16G16R16}
00:00:02.200173 VMSVGA3d: cap[141]=0x00000000 {DXFMT_UYVY}
00:00:02.200174 VMSVGA3d: cap[142]=0x00000000 {DXFMT_YUY2}
00:00:02.200174 VMSVGA3d: cap[143]=0x00000000 {DXFMT_NV12}
00:00:02.200175 VMSVGA3d: cap[144]=0x00000000 {DXFMT_FORMAT_DEAD2}
00:00:02.200175 VMSVGA3d: cap[145]=0x00000000 {DXFMT_R32G32B32A32_TYPELESS}
00:00:02.200176 VMSVGA3d: cap[146]=0x00000000 {DXFMT_R32G32B32A32_UINT}
00:00:02.200176 VMSVGA3d: cap[147]=0x00000000 {DXFMT_R32G32B32A32_SINT}
00:00:02.200176 VMSVGA3d: cap[148]=0x00000000 {DXFMT_R32G32B32_TYPELESS}
00:00:02.200177 VMSVGA3d: cap[149]=0x00000000 {DXFMT_R32G32B32_FLOAT}
00:00:02.200177 VMSVGA3d: cap[150]=0x00000000 {DXFMT_R32G32B32_UINT}
00:00:02.200178 VMSVGA3d: cap[151]=0x00000000 {DXFMT_R32G32B32_SINT}
00:00:02.200178 VMSVGA3d: cap[152]=0x00000000 {DXFMT_R16G16B16A16_TYPELESS}
00:00:02.200179 VMSVGA3d: cap[153]=0x00000000 {DXFMT_R16G16B16A16_UINT}
00:00:02.200179 VMSVGA3d: cap[154]=0x00000000 {DXFMT_R16G16B16A16_SNORM}
00:00:02.200179 VMSVGA3d: cap[155]=0x00000000 {DXFMT_R16G16B16A16_SINT}
00:00:02.200180 VMSVGA3d: cap[156]=0x00000000 {DXFMT_R32G32_TYPELESS}
00:00:02.200180 VMSVGA3d: cap[157]=0x00000000 {DXFMT_R32G32_UINT}
00:00:02.200181 VMSVGA3d: cap[158]=0x00000000 {DXFMT_R32G32_SINT}
00:00:02.200181 VMSVGA3d: cap[159]=0x00000000 {DXFMT_R32G8X24_TYPELESS}
00:00:02.200182 VMSVGA3d: cap[160]=0x00000000 {DXFMT_D32_FLOAT_S8X24_UINT}
00:00:02.200182 VMSVGA3d: cap[161]=0x00000000 {DXFMT_R32_FLOAT_X8X24}
00:00:02.200183 VMSVGA3d: cap[162]=0x00000000 {DXFMT_X32_G8X24_UINT}
00:00:02.200183 VMSVGA3d: cap[163]=0x00000000 {DXFMT_R10G10B10A2_TYPELESS}
00:00:02.200184 VMSVGA3d: cap[164]=0x00000000 {DXFMT_R10G10B10A2_UINT}
00:00:02.200184 VMSVGA3d: cap[165]=0x00000000 {DXFMT_R11G11B10_FLOAT}
00:00:02.200184 VMSVGA3d: cap[166]=0x00000000 {DXFMT_R8G8B8A8_TYPELESS}
00:00:02.200185 VMSVGA3d: cap[167]=0x00000000 {DXFMT_R8G8B8A8_UNORM}
00:00:02.200185 VMSVGA3d: cap[168]=0x00000000 {DXFMT_R8G8B8A8_UNORM_SRGB}
00:00:02.200186 VMSVGA3d: cap[169]=0x00000000 {DXFMT_R8G8B8A8_UINT}
00:00:02.200186 VMSVGA3d: cap[170]=0x00000000 {DXFMT_R8G8B8A8_SINT}
00:00:02.200187 VMSVGA3d: cap[171]=0x00000000 {DXFMT_R16G16_TYPELESS}
00:00:02.200187 VMSVGA3d: cap[172]=0x00000000 {DXFMT_R16G16_UINT}
00:00:02.200188 VMSVGA3d: cap[173]=0x00000000 {DXFMT_R16G16_SINT}
00:00:02.200188 VMSVGA3d: cap[174]=0x00000000 {DXFMT_R32_TYPELESS}
00:00:02.200188 VMSVGA3d: cap[175]=0x00000000 {DXFMT_D32_FLOAT}
00:00:02.200189 VMSVGA3d: cap[176]=0x00000000 {DXFMT_R32_UINT}
00:00:02.200189 VMSVGA3d: cap[177]=0x00000000 {DXFMT_R32_SINT}
00:00:02.200190 VMSVGA3d: cap[178]=0x00000000 {DXFMT_R24G8_TYPELESS}
00:00:02.200190 VMSVGA3d: cap[179]=0x00000000 {DXFMT_D24_UNORM_S8_UINT}
00:00:02.200191 VMSVGA3d: cap[180]=0x00000000 {DXFMT_R24_UNORM_X8}
00:00:02.200191 VMSVGA3d: cap[181]=0x00000000 {DXFMT_X24_G8_UINT}
00:00:02.200192 VMSVGA3d: cap[182]=0x00000000 {DXFMT_R8G8_TYPELESS}
00:00:02.200192 VMSVGA3d: cap[183]=0x00000000 {DXFMT_R8G8_UNORM}
00:00:02.200193 VMSVGA3d: cap[184]=0x00000000 {DXFMT_R8G8_UINT}
00:00:02.200193 VMSVGA3d: cap[185]=0x00000000 {DXFMT_R8G8_SINT}
00:00:02.200193 VMSVGA3d: cap[186]=0x00000000 {DXFMT_R16_TYPELESS}
00:00:02.200194 VMSVGA3d: cap[187]=0x00000000 {DXFMT_R16_UNORM}
00:00:02.200194 VMSVGA3d: cap[188]=0x00000000 {DXFMT_R16_UINT}
00:00:02.200195 VMSVGA3d: cap[189]=0x00000000 {DXFMT_R16_SNORM}
00:00:02.200195 VMSVGA3d: cap[190]=0x00000000 {DXFMT_R16_SINT}
00:00:02.200196 VMSVGA3d: cap[191]=0x00000000 {DXFMT_R8_TYPELESS}
00:00:02.200196 VMSVGA3d: cap[192]=0x00000000 {DXFMT_R8_UNORM}
00:00:02.200197 VMSVGA3d: cap[193]=0x00000000 {DXFMT_R8_UINT}
00:00:02.200197 VMSVGA3d: cap[194]=0x00000000 {DXFMT_R8_SNORM}
00:00:02.200197 VMSVGA3d: cap[195]=0x00000000 {DXFMT_R8_SINT}
00:00:02.200198 VMSVGA3d: cap[196]=0x00000000 {DXFMT_P8}
00:00:02.200198 VMSVGA3d: cap[197]=0x00000000 {DXFMT_R9G9B9E5_SHAREDEXP}
00:00:02.200199 VMSVGA3d: cap[198]=0x00000000 {DXFMT_R8G8_B8G8_UNORM}
00:00:02.200199 VMSVGA3d: cap[199]=0x00000000 {DXFMT_G8R8_G8B8_UNORM}
00:00:02.200200 VMSVGA3d: cap[200]=0x00000000 {DXFMT_BC1_TYPELESS}
00:00:02.200200 VMSVGA3d: cap[201]=0x00000000 {DXFMT_BC1_UNORM_SRGB}
00:00:02.200201 VMSVGA3d: cap[202]=0x00000000 {DXFMT_BC2_TYPELESS}
00:00:02.200201 VMSVGA3d: cap[203]=0x00000000 {DXFMT_BC2_UNORM_SRGB}
00:00:02.200201 VMSVGA3d: cap[204]=0x00000000 {DXFMT_BC3_TYPELESS}
00:00:02.200202 VMSVGA3d: cap[205]=0x00000000 {DXFMT_BC3_UNORM_SRGB}
00:00:02.200202 VMSVGA3d: cap[206]=0x00000000 {DXFMT_BC4_TYPELESS}
00:00:02.200203 VMSVGA3d: cap[207]=0x00000000 {DXFMT_ATI1}
00:00:02.200203 VMSVGA3d: cap[208]=0x00000000 {DXFMT_BC4_SNORM}
00:00:02.200204 VMSVGA3d: cap[209]=0x00000000 {DXFMT_BC5_TYPELESS}
00:00:02.200204 VMSVGA3d: cap[210]=0x00000000 {DXFMT_ATI2}
00:00:02.200205 VMSVGA3d: cap[211]=0x00000000 {DXFMT_BC5_SNORM}
00:00:02.200205 VMSVGA3d: cap[212]=0x00000000 {DXFMT_R10G10B10_XR_BIAS_A2_UNORM}
00:00:02.200205 VMSVGA3d: cap[213]=0x00000000 {DXFMT_B8G8R8A8_TYPELESS}
00:00:02.200206 VMSVGA3d: cap[214]=0x00000000 {DXFMT_B8G8R8A8_UNORM_SRGB}
00:00:02.200206 VMSVGA3d: cap[215]=0x00000000 {DXFMT_B8G8R8X8_TYPELESS}
00:00:02.200207 VMSVGA3d: cap[216]=0x00000000 {DXFMT_B8G8R8X8_UNORM_SRGB}
00:00:02.200207 VMSVGA3d: cap[217]=0x00000000 {DXFMT_Z_DF16}
00:00:02.200208 VMSVGA3d: cap[218]=0x00000000 {DXFMT_Z_DF24}
00:00:02.200208 VMSVGA3d: cap[219]=0x00000000 {DXFMT_Z_D24S8_INT}
00:00:02.200209 VMSVGA3d: cap[220]=0x00000000 {DXFMT_YV12}
00:00:02.200209 VMSVGA3d: cap[221]=0x00000000 {DXFMT_R32G32B32A32_FLOAT}
00:00:02.200209 VMSVGA3d: cap[222]=0x00000000 {DXFMT_R16G16B16A16_FLOAT}
00:00:02.200210 VMSVGA3d: cap[223]=0x00000000 {DXFMT_R16G16B16A16_UNORM}
00:00:02.200210 VMSVGA3d: cap[224]=0x00000000 {DXFMT_R32G32_FLOAT}
00:00:02.200211 VMSVGA3d: cap[225]=0x00000000 {DXFMT_R10G10B10A2_UNORM}
00:00:02.200211 VMSVGA3d: cap[226]=0x00000000 {DXFMT_R8G8B8A8_SNORM}
00:00:02.200212 VMSVGA3d: cap[227]=0x00000000 {DXFMT_R16G16_FLOAT}
00:00:02.200212 VMSVGA3d: cap[228]=0x00000000 {DXFMT_R16G16_UNORM}
00:00:02.200213 VMSVGA3d: cap[229]=0x00000000 {DXFMT_R16G16_SNORM}
00:00:02.200213 VMSVGA3d: cap[230]=0x00000000 {DXFMT_R32_FLOAT}
00:00:02.200213 VMSVGA3d: cap[231]=0x00000000 {DXFMT_R8G8_SNORM}
00:00:02.200214 VMSVGA3d: cap[232]=0x00000000 {DXFMT_R16_FLOAT}
00:00:02.200214 VMSVGA3d: cap[233]=0x00000000 {DXFMT_D16_UNORM}
00:00:02.200215 VMSVGA3d: cap[234]=0x00000000 {DXFMT_A8_UNORM}
00:00:02.200215 VMSVGA3d: cap[235]=0x00000000 {DXFMT_BC1_UNORM}
00:00:02.200218 VMSVGA3d: cap[236]=0x00000000 {DXFMT_BC2_UNORM}
00:00:02.200218 VMSVGA3d: cap[237]=0x00000000 {DXFMT_BC3_UNORM}
00:00:02.200219 VMSVGA3d: cap[238]=0x00000000 {DXFMT_B5G6R5_UNORM}
00:00:02.200219 VMSVGA3d: cap[239]=0x00000000 {DXFMT_B5G5R5A1_UNORM}
00:00:02.200220 VMSVGA3d: cap[240]=0x00000000 {DXFMT_B8G8R8A8_UNORM}
00:00:02.200220 VMSVGA3d: cap[241]=0x00000000 {DXFMT_B8G8R8X8_UNORM}
00:00:02.200221 VMSVGA3d: cap[242]=0x00000000 {DXFMT_BC4_UNORM}
00:00:02.200237 VMSVGA3d: cap[243]=0x00000000 {DXFMT_BC5_UNORM}
00:00:02.200238 VMSVGA3d: cap[244]=0x00000000 {SM41}
00:00:02.200238 VMSVGA3d: cap[245]=0x00000000 {MULTISAMPLE_2X}
00:00:02.200238 VMSVGA3d: cap[246]=0x00000000 {MULTISAMPLE_4X}
00:00:02.200239 VMSVGA3d: cap[247]=0x00000000 {MS_FULL_QUALITY}
00:00:02.200239 VMSVGA3d: cap[248]=0x00000000 {LOGICOPS}
00:00:02.200240 VMSVGA3d: cap[249]=0x00000000 {LOGIC_BLENDOPS}
00:00:02.200240 VMSVGA3d: cap[250]=0x00000000 {RESERVED_1}
00:00:02.200240 VMSVGA3d: cap[251]=0x00000000 {DXFMT_BC6H_TYPELESS}
00:00:02.200241 VMSVGA3d: cap[252]=0x00000000 {DXFMT_BC6H_UF16}
00:00:02.200241 VMSVGA3d: cap[253]=0x00000000 {DXFMT_BC6H_SF16}
00:00:02.200242 VMSVGA3d: cap[254]=0x00000000 {DXFMT_BC7_TYPELESS}
00:00:02.200242 VMSVGA3d: cap[255]=0x00000000 {DXFMT_BC7_UNORM}
00:00:02.200242 VMSVGA3d: cap[256]=0x00000000 {DXFMT_BC7_UNORM_SRGB}
00:00:02.200243 VMSVGA3d: cap[257]=0x00000000 {RESERVED_2}
00:00:02.200243 VMSVGA3d: cap[258]=0x00000000 {SM5}
00:00:02.200244 VMSVGA3d: cap[259]=0x00000000 {MULTISAMPLE_8X}
00:00:02.200373 Changing the VM state from 'POWERING_ON' to 'RUNNING'
00:00:02.200424 Console: Machine state changed to 'Running'
00:00:02.209156 EFI: debug point SEC_PREMEM
00:00:02.313318 VBoxHeadless: starting event loop
00:00:02.500566 EFI: VBoxDbg> loadimage64 'SecMain.efi' 0xfffcc094 LB 0x0
00:00:02.502808 EFI: VBoxDbg> loadimage64 'PeiCore.efi' 0x2020120 LB 0x0
00:00:02.506842 EFI: VBoxDbg> loadimage64 'PcdPeim.efi' 0x2028760 LB 0x27e0
00:00:02.509372 EFI: VBoxDbg> loadimage64 'ReportStatusCodeRouterPei.efi' 0x202afa0 LB 0xa40
00:00:02.510376 EFI: VBoxDbg> loadimage64 'StatusCodeHandlerPei.efi' 0x202baa0 LB 0x800
00:00:02.511613 EFI: VBoxDbg> loadimage64 'TdTcg2Pei.efi' 0x202c3a0 LB 0x2060
00:00:02.512934 EFI: VBoxDbg> loadimage64 'PlatformPei.efi' 0x202e4a0 LB 0x10160
00:00:02.614464 EFI: debug point SEC_POSTMEM
00:00:02.615736 EFI: VBoxDbg> loadimage64 'PeiCore.efi' 0xdf165000 LB 0x8460
00:00:02.620143 EFI: VBoxDbg> loadimage64 'PcdPeim.efi' 0xdf162000 LB 0x27e0
00:00:02.622773 EFI: VBoxDbg> loadimage64 'DxeIpl.efi' 0xdf15f000 LB 0x2460
00:00:02.623267 EFI: VBoxDbg> loadimage64 'S3Resume2Pei.efi' 0xdf15c000 LB 0x2420
00:00:02.624653 EFI: VBoxDbg> loadimage64 'CpuMpPei.efi' 0xdf14d000 LB 0xe940
00:00:02.697533 EFI: VBoxDbg> loadimage64 'TpmMmioSevDecryptPei.efi' 0xdf12b000 LB 0x17e0
00:00:02.698320 EFI: VBoxDbg> loadimage64 'Tcg2ConfigPei.efi' 0xdf129000 LB 0x1b20
00:00:02.699425 EFI: VBoxDbg> loadimage64 'TcgPei.efi' 0xdf125000 LB 0x3120
00:00:02.700381 EFI: VBoxDbg> loadimage64 'Tcg2Pei.efi' 0xdf119000 LB 0xb2e0
00:00:02.701367 EFI: VBoxDbg> loadimage64 'Tcg2PlatformPei.efi' 0xdf116000 LB 0x2560
00:00:02.705006 EFI: VBoxDbg> loadimage64 'DxeCore.efi' 0xdf0f0000 LB 0x25ec0
00:00:02.709083 EFI: debug point DXE_CORE
00:00:02.713867 EFI: VBoxDbg> loadimage64 'DxeCore.efi' 0xdf0f0000 LB 0x0
00:00:02.714017 EFI: debug point DXE_CORE_LATE
00:00:02.765066 EFI: VBoxDbg> loadimage64 'DevicePathDxe.efi' 0xde587000 LB 0xa540
00:00:02.765584 EFI: VBoxDbg> loadimage64 'PcdDxe.efi' 0xde598000 LB 0x2f40
00:00:02.766234 EFI: VBoxDbg> loadimage64 'FvbServicesRuntimeDxe.efi' 0xdecea000 LB 0x2660
00:00:02.772508 EFI: VBoxDbg> loadimage64 'ReportStatusCodeRouterRuntimeDxe.efi' 0xdece8000 LB 0x14e0
00:00:02.773090 EFI: VBoxDbg> loadimage64 'RuntimeDxe.efi' 0xdece6000 LB 0x1420
00:00:02.785556 EFI: VBoxDbg> loadimage64 'SecurityStubDxe.efi' 0xde3b7000 LB 0xe7f60
00:00:02.786128 EFI: VBoxDbg> loadimage64 'EbcDxe.efi' 0xde57d000 LB 0x4260
00:00:02.786759 EFI: VBoxDbg> loadimage64 'CpuIo2Dxe.efi' 0xde583000 LB 0x1400
00:00:02.787277 EFI: VBoxDbg> loadimage64 'IncompatiblePciDeviceSupportDxe.efi' 0xde585000 LB 0x820
00:00:02.787719 EFI: VBoxDbg> loadimage64 'PciHotPlugInitDxe.efi' 0xde577000 LB 0x2c20
00:00:02.788290 EFI: VBoxDbg> loadimage64 'ResetSystemRuntimeDxe.efi' 0xdece4000 LB 0x1720
00:00:02.788895 EFI: VBoxDbg> loadimage64 'Metronome.efi' 0xde57b000 LB 0xce0
00:00:02.789536 EFI: VBoxDbg> loadimage64 'HiiDatabase.efi' 0xde53d000 LB 0x1c160
00:00:02.790046 EFI: VBoxDbg> loadimage64 'AcpiTableDxe.efi' 0xde56b000 LB 0x5100
00:00:02.790579 EFI: VBoxDbg> loadimage64 'TdxDxe.efi' 0xde568000 LB 0x2100
00:00:02.791210 EFI: VBoxDbg> loadimage64 'DpcDxe.efi' 0xde575000 LB 0xb20
00:00:02.791682 EFI: VBoxDbg> loadimage64 'IoMmuDxe.efi' 0xde560000 LB 0x36c0
00:00:02.792313 EFI: VBoxDbg> loadimage64 'EmuVariableFvbRuntimeDxe.efi' 0xdece3000 LB 0xf20
00:00:02.792813 EFI: VBoxDbg> unload 'EmuVariableFvbRuntimeDxe.efi' # 0xdece3000 LB 0xf20
00:00:02.807400 EFI: VBoxDbg> loadimage64 'VariableRuntimeDxe.efi' 0xdebf6000 LB 0xed1a0
00:00:02.829611 EFI: VBoxDbg> loadimage64 'TcgDxe.efi' 0xde538000 LB 0x41e0
00:00:02.830202 EFI: VBoxDbg> unload 'TcgDxe.efi' # 0xde538000 LB 0x41e0
00:00:02.830712 EFI: VBoxDbg> loadimage64 'RngDxe.efi' 0xde566000 LB 0x1ae0
00:00:02.831480 EFI: VBoxDbg> loadimage64 'StatusCodeHandlerRuntimeDxe.efi' 0xdebf5000 LB 0xbc0
00:00:02.831995 EFI: VBoxDbg> loadimage64 'CpuDxe.efi' 0xde50a000 LB 0x18fe0
00:00:02.853253 EFI: debug point DXE_AP
00:00:02.856967 EFI: VBoxDbg> loadimage64 'SetupBrowser.efi' 0xde4e0000 LB 0x14980
00:00:02.857346 EFI: VBoxDbg> loadimage64 'SmbiosDxe.efi' 0xde507000 LB 0x2f60
00:00:02.857346 EFI: VBoxDbg> loadimage64 'AcpiPlatform.efi' 0xde55b000 LB 0x760
00:00:02.858861 EFI: VBoxDbg> unload 'AcpiPlatform.efi' # 0xde55b000 LB 0x760
00:00:02.859315 EFI: VBoxDbg> loadimage64 'LogoDxe.efi' 0xde4d4000 LB 0xb860
00:00:02.859770 EFI: VBoxDbg> loadimage64 'FaultTolerantWriteDxe.efi' 0xde4d0000 LB 0x3180
00:00:02.860901 EFI: VBoxDbg> loadimage64 'TdTcg2Dxe.efi' 0xde4c4000 LB 0x5a80
00:00:02.861531 EFI: VBoxDbg> unload 'TdTcg2Dxe.efi' # 0xde4c4000 LB 0x5a80
00:00:02.861968 EFI: VBoxDbg> loadimage64 'Tcg2Dxe.efi' 0xde4b2000 LB 0xede0
00:00:02.862811 EFI: VBoxDbg> unload 'Tcg2Dxe.efi' # 0xde4b2000 LB 0xede0
00:00:02.863349 EFI: VBoxDbg> loadimage64 'LocalApicTimerDxe.efi' 0xde4f6000 LB 0x1420
00:00:02.865877 EFI: VBoxDbg> loadimage64 'PciHostBridgeDxe.efi' 0xde4c4000 LB 0x5de0
00:00:02.883845 EFI: debug point DXE_AP
00:00:02.906447 EFI: debug point DXE_AP
00:00:02.909410 EFI: VBoxDbg> loadimage64 'PcRtc.efi' 0xdebf2000 LB 0x2a80
00:00:02.922261 EFI: VBoxDbg> loadimage64 'SecureBootConfigDxe.efi' 0xdda6e000 LB 0xc8e00
00:00:02.922899 EFI: VBoxDbg> loadimage64 'MonotonicCounterRuntimeDxe.efi' 0xdebf1000 LB 0x840
00:00:02.929608 EFI: VBoxDbg> loadimage64 'CapsuleRuntimeDxe.efi' 0xdebf0000 LB 0x920
00:00:02.930077 EFI: VBoxDbg> loadimage64 'DriverHealthManagerDxe.efi' 0xde4b9000 LB 0x4380
00:00:02.931027 EFI: VBoxDbg> loadimage64 'BdsDxe.efi' 0xdde8a000 LB 0x18560
00:00:02.931669 EFI: VBoxDbg> loadimage64 'RamDiskDxe.efi' 0xde4a7000 LB 0x8760
00:00:02.932659 EFI: VBoxDbg> loadimage64 'DisplayEngine.efi' 0xdde68000 LB 0x10ea0
00:00:02.934454 EFI: VBoxDbg> loadimage64 'SmbiosPlatformDxe.efi' 0xde4a5000 LB 0x1700
00:00:02.935839 EFI: VBoxDbg> unload 'SmbiosPlatformDxe.efi' # 0xde4a5000 LB 0x1700
00:00:02.936300 EFI: VBoxDbg> loadimage64 'PlatformDxe.efi' 0xdde85000 LB 0x4300
00:00:02.936747 EFI: VBoxDbg> loadimage64 'WatchdogTimer.efi' 0xde4b0000 LB 0x820
00:00:02.937164 EFI: VBoxDbg> loadimage64 'QemuKernelLoaderFsDxe.efi' 0xde49f000 LB 0x3580
00:00:02.937871 EFI: VBoxDbg> unload 'QemuKernelLoaderFsDxe.efi' # 0xde49f000 LB 0x3580
00:00:02.938620 EFI: VBoxDbg> loadimage64 'PciBusDxe.efi' 0xdde5c000 LB 0xb940
00:00:02.939064 EFI: VBoxDbg> loadimage64 'VirtioPciDeviceDxe.efi' 0xde4a3000 LB 0x11e0
00:00:02.939477 EFI: VBoxDbg> loadimage64 'Virtio10.efi' 0xdde82000 LB 0x2820
00:00:02.939903 EFI: VBoxDbg> loadimage64 'VirtioScsiDxe.efi' 0xdde7f000 LB 0x2060
00:00:02.940362 EFI: VBoxDbg> loadimage64 'MptScsiDxe.efi' 0xdde7d000 LB 0x1900
00:00:02.940780 EFI: VBoxDbg> loadimage64 'ConPlatformDxe.efi' 0xdde7b000 LB 0x1d80
00:00:02.941491 EFI: VBoxDbg> loadimage64 'ConSplitterDxe.efi' 0xdde4e000 LB 0x60a0
00:00:02.942070 EFI: VBoxDbg> loadimage64 'GraphicsConsoleDxe.efi' 0xdde49000 LB 0x4120
00:00:02.942749 EFI: VBoxDbg> loadimage64 'TerminalDxe.efi' 0xdde3d000 LB 0x53a0
00:00:02.943150 EFI: VBoxDbg> loadimage64 'DiskIoDxe.efi' 0xdde46000 LB 0x21c0
00:00:02.944174 EFI: VBoxDbg> loadimage64 'PartitionDxe.efi' 0xdde31000 LB 0x5480
00:00:02.944881 EFI: VBoxDbg> loadimage64 'EnglishDxe.efi' 0xdde5a000 LB 0xd60
00:00:02.945647 EFI: VBoxDbg> loadimage64 'ScsiBus.efi' 0xdde3a000 LB 0x2140
00:00:02.946481 EFI: VBoxDbg> loadimage64 'ScsiDisk.efi' 0xdde1d000 LB 0x9100
00:00:02.946905 EFI: VBoxDbg> loadimage64 'SataController.efi' 0xdde38000 LB 0x1660
00:00:02.947496 EFI: VBoxDbg> loadimage64 'AtaAtapiPassThruDxe.efi' 0xdde15000 LB 0x7e00
00:00:02.948169 EFI: VBoxDbg> loadimage64 'AtaBusDxe.efi' 0xdde29000 LB 0x3d40
00:00:02.949583 EFI: VBoxDbg> loadimage64 'NvmExpressDxe.efi' 0xdde05000 LB 0x7aa0
00:00:02.950186 EFI: VBoxDbg> loadimage64 'SioBusDxe.efi' 0xdde2f000 LB 0x15c0
00:00:02.950899 EFI: VBoxDbg> loadimage64 'PciSioSerialDxe.efi' 0xdde00000 LB 0x5000
00:00:02.951584 EFI: VBoxDbg> loadimage64 'Ps2KeyboardDxe.efi' 0xdde0d000 LB 0x3b80
00:00:02.952259 EFI: VBoxDbg> loadimage64 'VBoxVgaDxe.efi' 0xddbfc000 LB 0x3840
00:00:02.953029 EFI: VBoxDbg> loadimage64 'VBoxHfs.efi' 0xddbee000 LB 0x6500
00:00:02.953506 EFI: VBoxDbg> loadimage64 'VBoxSysTables.efi' 0xdde2d000 LB 0xac0
00:00:02.973667 EFI: VBoxDbg> loadimage64 'VBoxAppleSim.efi' 0xddbf9000 LB 0x2ae0
00:00:02.974840 EFI: VBoxDbg> loadimage64 'VBoxApfsJmpStartDxe.efi' 0xdde13000 LB 0x1180
00:00:02.975316 EFI: VBoxDbg> loadimage64 'BootGraphicsResourceTableDxe.efi' 0xdde12000 LB 0xf40
00:00:02.975717 EFI: VBoxDbg> loadimage64 'Fat.efi' 0xddbde000 LB 0x7660
00:00:02.976558 EFI: VBoxDbg> loadimage64 'UdfDxe.efi' 0xddbd9000 LB 0x4200
00:00:02.977198 EFI: VBoxDbg> loadimage64 'VirtioFsDxe.efi' 0xddbd2000 LB 0x6180
00:00:02.978191 EFI: VBoxDbg> loadimage64 'Hash2DxeCrypto.efi' 0xddbeb000 LB 0x2ba0
00:00:02.979094 EFI: VBoxDbg> loadimage64 'SnpDxe.efi' 0xddbc6000 LB 0x57a0
00:00:02.979733 EFI: VBoxDbg> loadimage64 'VlanConfigDxe.efi' 0xddbc0000 LB 0x55a0
00:00:02.980344 EFI: VBoxDbg> loadimage64 'MnpDxe.efi' 0xddbb0000 LB 0x7380
00:00:02.980993 EFI: VBoxDbg> loadimage64 'ArpDxe.efi' 0xddbce000 LB 0x35c0
00:00:02.981602 EFI: VBoxDbg> loadimage64 'Dhcp4Dxe.efi' 0xddb9e000 LB 0x87a0
00:00:02.982249 EFI: VBoxDbg> loadimage64 'Ip4Dxe.efi' 0xddb78000 LB 0x12680
00:00:02.983020 EFI: VBoxDbg> loadimage64 'Udp4Dxe.efi' 0xddba8000 LB 0x7660
00:00:02.983580 EFI: VBoxDbg> loadimage64 'Mtftp4Dxe.efi' 0xddb96000 LB 0x7c20
00:00:02.984044 EFI: VBoxDbg> loadimage64 'Dhcp6Dxe.efi' 0xddb6f000 LB 0x8940
00:00:02.984577 EFI: VBoxDbg> loadimage64 'Ip6Dxe.efi' 0xddb3b000 LB 0x194e0
00:00:02.986023 EFI: VBoxDbg> loadimage64 'Udp6Dxe.efi' 0xddb8e000 LB 0x7340
00:00:02.986924 EFI: VBoxDbg> loadimage64 'Mtftp6Dxe.efi' 0xddb67000 LB 0x7ea0
00:00:02.987738 EFI: VBoxDbg> loadimage64 'UefiPxeBcDxe.efi' 0xdda5d000 LB 0x109e0
00:00:02.990152 EFI: VBoxDbg> loadimage64 'IScsiDxe.efi' 0xdda21000 LB 0x1d100
00:00:02.990840 EFI: VBoxDbg> unload 'IScsiDxe.efi' # 0xdda21000 LB 0x1d100
00:00:02.991309 EFI: VBoxDbg> loadimage64 'VirtioNetDxe.efi' 0xddb62000 LB 0x4300
00:00:02.991966 EFI: VBoxDbg> loadimage64 'E1kNetDxe.efi' 0xddbba000 LB 0x2e60
00:00:02.992416 EFI: VBoxDbg> loadimage64 'UhciDxe.efi' 0xddb58000 LB 0x4580
00:00:02.992826 EFI: VBoxDbg> loadimage64 'EhciDxe.efi' 0xdda58000 LB 0x4f00
00:00:02.993247 EFI: VBoxDbg> loadimage64 'XhciDxe.efi' 0xdda46000 LB 0x8660
00:00:02.994286 EFI: VBoxDbg> loadimage64 'UsbBusDxe.efi' 0xdda40000 LB 0x5260
00:00:02.995110 EFI: VBoxDbg> loadimage64 'UsbKbDxe.efi' 0xdda53000 LB 0x4020
00:00:02.995743 EFI: VBoxDbg> loadimage64 'UsbMassStorageDxe.efi' 0xdda3b000 LB 0x4380
00:00:02.997354 EFI: VBoxDbg> loadimage64 'TcpDxe.efi' 0xdda21000 LB 0xce80
00:00:03.946096 Display::i_handleDisplayResize: uScreenId=0 pvVRAM=000001f116530000 w=1024 h=768 bpp=32 cbLine=0x1000 flags=0x0 origin=0,0
00:00:04.242043 PS2K: Selected scan set 2
00:00:04.249230 EHCI: Hardware reset
00:00:04.249550 EHCI: USB Operational
00:00:04.411161 ATA: LUN#0: EXECUTE DEVICE DIAGNOSTIC, status 00
00:00:04.569743 AHCI#0: Reset the HBA
00:00:06.059517 EFI: VBoxDbg> loadimage64 '.efi' 0xdd64b000 LB 0x27000
00:00:09.522117 NAT: Link up
00:00:13.195694 EHCI: USB Suspended
00:00:13.195905 EHCI: Hardware reset
00:00:13.213474 EFI: debug point DXE_AP
00:00:13.240322 GIM: KVM: VCPU  0: Enabled system-time struct. at 0x0000000022003000 - u32TscScale=0xb04efad1 i8TscShift=-1 uVersion=2 fFlags=0x1 uTsc=0x776dc5fc6 uVirtNanoTS=0x292028492 TscKHz=2904000
00:00:13.240362 TM: Host/VM is not suitable for using TSC mode 'RealTSCOffset', request to change TSC mode ignored
00:00:14.266574 GIM: KVM: Enabled wall-clock struct. at 0x0000000022002000 - u32Sec=1790464254 u32Nano=22900303 uVersion=2
00:00:14.267120 PIT: mode=2 count=0x12a5 (4773) - 249.98 Hz (ch=0)
00:00:14.311103 EFI: relocate module to 0xfffffffefe8ea000 from 0xdecea000
00:00:14.311320 EFI: relocate module to 0xfffffffefe8e8000 from 0xdece8000
00:00:14.311511 EFI: relocate module to 0xfffffffefe8e4000 from 0xdece4000
00:00:14.311777 EFI: relocate module to 0xfffffffefe7f6000 from 0xdebf6000
00:00:14.312165 EFI: relocate module to 0xfffffffefe7f5000 from 0xdebf5000
00:00:14.312372 EFI: relocate module to 0xfffffffefe7f2000 from 0xdebf2000
00:00:14.312563 EFI: relocate module to 0xfffffffefe7f1000 from 0xdebf1000
00:00:14.312759 EFI: relocate module to 0xfffffffefe7f0000 from 0xdebf0000
00:00:14.425496 PIT: mode=0 count=0x10000 (65536) - 18.20 Hz (ch=0)
00:00:14.435806 GIM: KVM: VCPU  1: Enabled system-time struct. at 0x0000000022003040 - u32TscScale=0xb04efad1 i8TscShift=-1 uVersion=2 fFlags=0x1 uTsc=0x845cad751 uVirtNanoTS=0x2d944695d TscKHz=2904000
00:00:14.435835 TM: Host/VM is not suitable for using TSC mode 'RealTSCOffset', request to change TSC mode ignored
00:00:14.750671 OHCI: Software reset
00:00:15.612689 MsrExit/0: 0010:ffffffffa30990b7/LM: RDMSR c0011029 -> 00000000 / VERR_CPUM_RAISE_GP_0
00:00:16.424593 EHCI: Hardware reset
00:00:16.426006 EHCI: USB Operational
00:00:16.469325 EHCI: USB Suspended
00:00:16.476319 OHCI: USB Reset
00:00:16.479730 AHCI#0: Reset the HBA
00:00:16.512908 PIIX3 ATA: Ctl#0: RESET, DevSel=0 AIOIf=0 CmdIf0=0xa0 (-1 usec ago) CmdIf1=0x00 (-1 usec ago)
00:00:16.513108 PIIX3 ATA: Ctl#0: finished processing RESET
00:00:16.531923 OHCI: Software reset
00:00:16.532356 OHCI: USB Operational
00:00:16.542405 OHCI: USB Suspended
00:00:16.843935 AHCI#0: Port 0 reset
00:00:17.207140 AHCI#0: Port 1 reset
00:00:18.099446 AHCI#0: Port 2 reset
00:00:18.439531 AHCI#0: Port 3 reset
00:00:18.771522 AHCI#0: Port 4 reset
00:00:19.089608 NAT: Link up
00:00:19.100037 AHCI#0: Port 5 reset
00:00:19.445973 AHCI#0: Port 6 reset
00:00:21.042556 AHCI#0: Port 7 reset
00:00:22.041751 AHCI#0: Port 8 reset
00:00:22.379177 AHCI#0: Port 9 reset
00:00:22.723291 AHCI#0: Port 10 reset
00:00:23.044044 AHCI#0: Port 11 reset
00:00:24.039469 AHCI#0: Port 12 reset
00:00:25.038091 AHCI#0: Port 13 reset
00:00:26.045472 AHCI#0: Port 14 reset
00:00:26.386507 AHCI#0: Port 15 reset
00:00:26.728251 AHCI#0: Port 16 reset
00:00:27.179496 AHCI#0: Port 17 reset
00:00:27.516672 AHCI#0: Port 18 reset
00:00:27.859380 AHCI#0: Port 19 reset
00:00:28.199395 AHCI#0: Port 20 reset
00:00:28.543399 AHCI#0: Port 21 reset
00:00:28.884025 AHCI#0: Port 22 reset
00:00:29.332017 AHCI#0: Port 23 reset
00:00:29.931919 AHCI#0: Port 24 reset
00:00:30.275694 AHCI#0: Port 25 reset
00:00:30.618904 AHCI#0: Port 26 reset
00:00:32.039627 AHCI#0: Port 27 reset
00:00:32.847690 AHCI#0: Port 28 reset
00:00:33.199641 AHCI#0: Port 29 reset
00:00:37.102520 VMMDev: Guest Log: vboxguest: host-version: 7.2.8r173730 0x8000000f
00:00:37.112110 VMMDev: Guest Additions information report: Version 6.0.0 r127566 '6.0.0'
00:00:37.112304 VMMDev: Guest Additions information report: Interface = 0x00010004 osType = 0x00053100 (Linux >= 2.6, 64-bit)
00:00:37.112545 VMMDev: Guest Additions capability report: (0x0 -> 0x0) seamless: no, hostWindowMapping: no, graphics: no
00:00:37.112721 VMMDev: vmmDevReqHandler_HeartbeatConfigure: No change (fHeartbeatActive=false)
00:00:37.112764 VMMDev: Heartbeat flatline timer set to trigger after 4 000 000 000 ns
00:00:37.114639 VMMDev: Guest Log: vbg_heartbeat_init: Setting up heartbeat to trigger every 2000 milliseconds
00:00:37.319134 Enabling different vbva mode
00:00:37.430856 VMSVGA: 3D disabled, but command 1115 will be processed
00:00:37.430956 VMSVGA: 3D disabled, but command 1115 will be processed
00:00:37.430991 VMSVGA: 3D disabled, but command 1115 will be processed
00:00:37.431016 VMSVGA: 3D disabled, but command 1115 will be processed
00:00:37.431044 VMSVGA: 3D disabled, but command 1115 will be processed
00:00:37.431050 VMSVGA: 3D disabled, but command 1135 will be processed
00:00:37.431129 VMSVGA: 3D disabled, but command 1097 will be processed
00:00:37.431187 VMSVGA: 3D disabled, but command 1099 will be processed
00:00:37.431214 Display::i_handleDisplayResize: uScreenId=0 pvVRAM=000001f0117a0000 w=1280 h=800 bpp=32 cbLine=0x1400 flags=0x1 origin=0,0
00:01:23.683978 Changing the VM state from 'RUNNING' to 'SUSPENDING'
00:01:23.684257 PDMR3Suspend: 235 038 ns run time
00:01:23.684276 Changing the VM state from 'SUSPENDING' to 'SUSPENDED'
00:01:23.685241 DrvVD: Flushes will be ignored
00:01:23.685260 DrvVD: Async flushes will be passed to the disk
00:01:23.687236 AIOMgr: Endpoint for file 'C:\W4\W4-SOFTWARE\W4-OS-Home-Boot\W4-OS-Home-GUI-fixed.vdi' (flags 000c0723) created successfully
00:01:23.707324 VD: Opening the disk took 20929063 ns
00:01:23.707426 AHCI: LUN#0: disk, PCHS=16383/16/63, total number of sectors 68786585
00:01:23.708022 ************************* CFGM dump *************************
00:01:23.708024 [/Devices/ahci/0/LUN#0/] (level 0)
00:01:23.708027   Driver <string>  = "VD" (cb=3)
00:01:23.708028 
00:01:23.708028 [/Devices/ahci/0/LUN#0/Config/] (level 1) (restricted root)
00:01:23.708031   Format    <string>  = "VDI" (cb=4)
00:01:23.708032   Mountable <integer> = 0x0000000000000000 (0)
00:01:23.708034   Path      <string>  = "C:\W4\W4-SOFTWARE\W4-OS-Home-Boot\W4-OS-Home-GUI-fixed.vdi" (cb=59)
00:01:23.708035   Type      <string>  = "HardDisk" (cb=9)
00:01:23.708035   UseNewIo  <integer> = 0x0000000000000001 (1)
00:01:23.708036 
00:01:23.708036 [/Devices/ahci/0/LUN#0/Config/VDConfig/] (level 2)
00:01:23.708038   AllocationBlockSize <string>  = "1048576" (cb=8)
00:01:23.708039 
00:01:23.708039 ********************* End of CFGM dump **********************
00:01:23.708117 Changing the VM state from 'SUSPENDED' to 'RESUMING'
00:01:23.708364 Changing the VM state from 'RESUMING' to 'RUNNING'
00:01:23.734271 VD#1: Cancelling all active requests
00:03:40.240920 VMMDev: SetVideoModeHint: Got a video mode hint (1536x764x32)@(0x0),(1;0) at 0
00:03:44.969682 VMMDev: SetVideoModeHint: Got a video mode hint (1280x636x32)@(0x0),(1;0) at 0
00:05:58.017684 drvNATAsyncIoThread: Wakeup socket read error in poll loop: 10040
00:06:23.877108 AIOMgr: Async flushes not supported
00:17:51.291293 Console: Machine state changed to 'Stopping'
00:17:51.292458 Console::powerDown(): A request to power off the VM has been issued (mMachineState=Stopping, InUninit=0)
00:17:51.293282 Changing the VM state from 'RUNNING' to 'POWERING_OFF'
00:17:51.293306 ****************** Guest state at power off for VCpu 1 ******************
00:17:51.293314 Guest CPUM (VCPU 1) state: 
00:17:51.293323 rax=0000000000000001 rbx=0000000000000000 rcx=000000010002e33c rdx=0000000000000000
00:17:51.293323 rsi=0000000000000082 rdi=0000000000581724 r8 =ffffcced000cbe48 r9 =0000000000000001
00:17:51.293323 r10=0000000000000001 r11=0000000000000001 r12=0000000000000001 r13=0000000000000000
00:17:51.293323 r14=0000000000000000 r15=0000000000000000
00:17:51.293323 rip=ffffffffa3d0356f rsp=ffffcced000cbed8 rbp=ffff8ac840310000 iopl=0  iopl=0 nv up ei pl zr na pe nc
00:17:51.293323 cs={0010 base=0000000000000000 limit=ffffffff flags=0000a09b}
00:17:51.293323 ds={0000 base=0000000000000000 limit=000fffff flags=00000000}
00:17:51.293323 es={0000 base=0000000000000000 limit=000fffff flags=00000000}
00:17:51.293323 fs={0000 base=0000000000000000 limit=000fffff flags=00000000}
00:17:51.293323 gs={0000 base=ffff8ac85bd00000 limit=000fffff flags=00000000}
00:17:51.293323 ss={0018 base=0000000000000000 limit=ffffffff flags=0000c093}
00:17:51.293323 cr0=0000000080050033 cr2=000055adb373d880 cr3=0000000102c36005 cr4=00000000000306f0
00:17:51.293323 dr0=0000000000000000 dr1=0000000000000000 dr2=0000000000000000 dr3=0000000000000000
00:17:51.293323 dr4=0000000000000000 dr5=0000000000000000 dr6=00000000ffff0ff0 dr7=0000000000000400
00:17:51.293323 gdtr=fffffe50c9d92000:007f  idtr=fffffe0000000000:0fff  eflags=00000242
00:17:51.293323 ldtr={0000 base=00000000 limit=000fffff flags=00000000}
00:17:51.293323 tr  ={0040 base=fffffe50c9d94000 limit=00004087 flags=0000008b}
00:17:51.293323 SysEnter={cs=0010 eip=ffffffffa3e020b0 esp=fffffe50c9d94000}
00:17:51.293323 xcr=0000000000000001 xcr1=0000000000000000 xss=0000000000000000 (fXStateMask=0000000000000000)
00:17:51.293323 FCW=037f FSW=0000 FTW=0000 FOP=0000 MXCSR=00001f80 MXCSR_MASK=0000ffff
00:17:51.293323 FPUIP=00000000 CS=0000 Rsrvd1=0000  FPUDP=00000000 DS=0000 Rsvrd2=0000
00:17:51.293323 ST(0)=FPR0={0000'00000000'00000000} t0 +0.0000000000000000000000 * 2 ^ -16383 (*)
00:17:51.293323 ST(1)=FPR1={0000'00000000'00000000} t0 +0.0000000000000000000000 * 2 ^ -16383 (*)
00:17:51.293323 ST(2)=FPR2={0000'00000000'00000000} t0 +0.0000000000000000000000 * 2 ^ -16383 (*)
00:17:51.293323 ST(3)=FPR3={0000'00000000'00000000} t0 +0.0000000000000000000000 * 2 ^ -16383 (*)
00:17:51.293323 ST(4)=FPR4={0000'00000000'00000000} t0 +0.0000000000000000000000 * 2 ^ -16383 (*)
00:17:51.293323 ST(5)=FPR5={0000'00000000'00000000} t0 +0.0000000000000000000000 * 2 ^ -16383 (*)
00:17:51.293323 ST(6)=FPR6={0000'00000000'00000000} t0 +0.0000000000000000000000 * 2 ^ -16383 (*)
00:17:51.293323 ST(7)=FPR7={0000'00000000'00000000} t0 +0.0000000000000000000000 * 2 ^ -16383 (*)
00:17:51.293323 XMM0 =b4e59b52'f1546b29'8346cd80'6bfac7ca  XMM1 =0be770ed'727fbf46'0c153f17'ed03b958
00:17:51.293323 XMM2 =25399ac7'9492d405'4ef60113'e5982c2a  XMM3 =4ae36240'5e4bb9cd'cfeb70d8'd7e0e2f9
00:17:51.293323 XMM4 =00000000'00000000'00000000'36e9b320  XMM5 =00000000'00000000'8157af98'f8efd91d
00:17:51.293323 XMM6 =00000000'00000000'00000000'8157af98  XMM7 =8157af98'f8efd91d'36e9b320'aadfe3ce
00:17:51.293323 XMM8 =ce000000'0e000000'4e000000'ec000000  XMM9 =42ae2e48'd3d4f6d5'00000000'000c2118
00:17:51.293323 XMM10=b6434407'60fb6048'ab9fe9f7'888d71fa  XMM11=8f7102df'23292ed2'8d4b69a5'd7124b1e
00:17:51.293323 XMM12=0d0c0f0e'09080b0a'05040706'01000302  XMM13=0c0f0e0d'080b0a09'04070605'00030201
00:17:51.293323 XMM14=00000000'00000000'00000000'00000480  XMM15=00000000'00000000'00000000'00000040
00:17:51.293323 EFER         =0000000000000d01
00:17:51.293323 PAT          =0407050600070106
00:17:51.293323 STAR         =0023001000000000
00:17:51.293323 CSTAR        =0000000000000000
00:17:51.293323 LSTAR        =ffffffffa3e00080
00:17:51.293323 SFMASK       =0000000000257fd5
00:17:51.293323 KERNELGSBASE =0000000000000000
00:17:51.293323 MTRR_CAP          =0000000000000510
00:17:51.293323 MTRR_DEF_TYPE     =0000000000000c06
00:17:51.293323 MTRR_FIX64K_00000 =0606060606060606
00:17:51.293323 MTRR_FIX16K_80000 =0606060606060606
00:17:51.293323 MTRR_FIX16K_A0000 =0000000000000000
00:17:51.293323 MTRR_FIX4K_C0000  =0505050505050505
00:17:51.293323 MTRR_FIX4K_C8000  =0505050505050505
00:17:51.293323 MTRR_FIX4K_D0000  =0505050505050505
00:17:51.293323 MTRR_FIX4K_D8000  =0505050505050505
00:17:51.293323 MTRR_FIX4K_E0000  =0505050505050505
00:17:51.293323 MTRR_FIX4K_E8000  =0505050505050505
00:17:51.293323 MTRR_FIX4K_F0000  =0505050505050505
00:17:51.293323 MTRR_FIX4K_F8000  =0505050505050505
00:17:51.293323 MTRR_PHYSBASE[ 0] =0000000000000006 First=0000000000000000      0 MB [WB]
00:17:51.293323 MTRR_PHYSMASK[ 0] =0000007f00000800 Last =00000000ffffffff   4095 MB [4096 MB]
00:17:51.293323 MTRR_PHYSBASE[ 1] =00000000e0000000 First=00000000e0000000   3584 MB [UC]
00:17:51.293323 MTRR_PHYSMASK[ 1] =0000007fe0000800 Last =00000000ffffffff   4095 MB [512 MB]
00:17:51.293323 MTRR_PHYSBASE[ 2] =0000000100000006 First=0000000100000000   4096 MB [WB]
00:17:51.293323 MTRR_PHYSMASK[ 2] =0000007fe0000800 Last =000000011fffffff   4607 MB [512 MB]
00:17:51.293323 MTRR_PHYSBASE[ 3] =0000000000000000
00:17:51.293323 MTRR_PHYSMASK[ 3] =0000000000000000
00:17:51.293323 MTRR_PHYSBASE[ 4] =0000000000000000
00:17:51.293323 MTRR_PHYSMASK[ 4] =0000000000000000
00:17:51.293323 MTRR_PHYSBASE[ 5] =0000000000000000
00:17:51.293323 MTRR_PHYSMASK[ 5] =0000000000000000
00:17:51.293323 MTRR_PHYSBASE[ 6] =0000000000000000
00:17:51.293323 MTRR_PHYSMASK[ 6] =0000000000000000
00:17:51.293323 MTRR_PHYSBASE[ 7] =0000000000000000
00:17:51.293323 MTRR_PHYSMASK[ 7] =0000000000000000
00:17:51.293323 MTRR_PHYSBASE[ 8] =0000000000000000
00:17:51.293323 MTRR_PHYSMASK[ 8] =0000000000000000
00:17:51.293323 MTRR_PHYSBASE[ 9] =0000000000000000
00:17:51.293323 MTRR_PHYSMASK[ 9] =0000000000000000
00:17:51.293323 MTRR_PHYSBASE[10] =0000000000000000
00:17:51.293323 MTRR_PHYSMASK[10] =0000000000000000
00:17:51.293323 MTRR_PHYSBASE[11] =0000000000000000
00:17:51.293323 MTRR_PHYSMASK[11] =0000000000000000
00:17:51.293323 MTRR_PHYSBASE[12] =0000000000000000
00:17:51.293323 MTRR_PHYSMASK[12] =0000000000000000
00:17:51.293323 MTRR_PHYSBASE[13] =0000000000000000
00:17:51.293323 MTRR_PHYSMASK[13] =0000000000000000
00:17:51.293323 MTRR_PHYSBASE[14] =0000000000000000
00:17:51.293323 MTRR_PHYSMASK[14] =0000000000000000
00:17:51.293323 MTRR_PHYSBASE[15] =0000000000000000
00:17:51.293323 MTRR_PHYSMASK[15] =0000000000000000
00:17:51.293323 ***
00:17:51.293323 VCPU[1] hardware virtualization state:
00:17:51.293323 fSavedInhibit                = 0x0
00:17:51.293323 In nested-guest hwvirt mode  = false
00:17:51.293323 Hwvirt state disabled.
00:17:51.293323 ***
00:17:51.293323 Guest paging mode (VCPU #1):  AMD64+NX (changed 2 times), A20 enabled (changed 0 times)
00:17:51.293323 Guest SLAT mode (VCPU #1): Direct
00:17:51.293323 Shadow paging mode (VCPU #1): None
00:17:51.293323 Host paging mode:             AMD64+NX
00:17:51.293323 ***
00:17:51.293323 ************** End of Guest state at power off for VCpu 1 ***************
00:17:51.293506 ****************** Guest state at power off for VCpu 0 ******************
00:17:51.293509 Guest CPUM (VCPU 0) state: 
00:17:51.293510 rax=0000000000000000 rbx=0000000000000000 rcx=0000000000000020 rdx=000000000005c29c
00:17:51.293511 rsi=0000000000000083 rdi=00000000006cf504 r8 =0000000000000000 r9 =0000000000000002
00:17:51.293512 r10=0000000000000000 r11=0000000009176cb4 r12=0000000000000000 r13=0000000000000000
00:17:51.293514 r14=ffffffffa4c10040 r15=000000007ffff000
00:17:51.293515 rip=ffffffffa3d0356f rsp=ffffffffa4c03e88 rbp=ffffffffa4c10940 iopl=0  iopl=0 nv up ei pl zr na po nc
00:17:51.293517 cs={0010 base=0000000000000000 limit=ffffffff flags=0000a09b}
00:17:51.293518 ds={0000 base=0000000000000000 limit=000fffff flags=00000000}
00:17:51.293518 es={0000 base=0000000000000000 limit=000fffff flags=00000000}
00:17:51.293519 fs={0000 base=0000000000000000 limit=000fffff flags=00000000}
00:17:51.293520 gs={0000 base=ffff8ac85bc00000 limit=000fffff flags=00000000}
00:17:51.293521 ss={0018 base=0000000000000000 limit=ffffffff flags=0000c093}
00:17:51.293521 cr0=0000000080050033 cr2=00007f8e820f43f0 cr3=0000000101b92005 cr4=00000000000306f0
00:17:51.293523 dr0=0000000000000000 dr1=0000000000000000 dr2=0000000000000000 dr3=0000000000000000
00:17:51.293524 dr4=0000000000000000 dr5=0000000000000000 dr6=00000000ffff0ff0 dr7=0000000000000400
00:17:51.293525 gdtr=fffffe210fefb000:007f  idtr=fffffe0000000000:0fff  eflags=00000246
00:17:51.293527 ldtr={0000 base=00000000 limit=000fffff flags=00000000}
00:17:51.293527 tr  ={0040 base=fffffe210fefd000 limit=00004087 flags=0000008b}
00:17:51.293529 SysEnter={cs=0010 eip=ffffffffa3e020b0 esp=fffffe210fefd000}
00:17:51.293530 xcr=0000000000000001 xcr1=0000000000000000 xss=0000000000000000 (fXStateMask=0000000000000000)
00:17:51.293531 FCW=037f FSW=0000 FTW=0000 FOP=0000 MXCSR=00001fa0 MXCSR_MASK=0000ffff
00:17:51.293532 FPUIP=00000000 CS=0000 Rsrvd1=0000  FPUDP=00000000 DS=0000 Rsvrd2=0000
00:17:51.293533 ST(0)=FPR0={0000'00000000'00000000} t0 +0.0000000000000000000000 * 2 ^ -16383 (*)
00:17:51.293535 ST(1)=FPR1={0000'00000000'00000000} t0 +0.0000000000000000000000 * 2 ^ -16383 (*)
00:17:51.293536 ST(2)=FPR2={0000'00000000'00000000} t0 +0.0000000000000000000000 * 2 ^ -16383 (*)
00:17:51.293537 ST(3)=FPR3={0000'00000000'00000000} t0 +0.0000000000000000000000 * 2 ^ -16383 (*)
00:17:51.293538 ST(4)=FPR4={0000'00000000'00000000} t0 +0.0000000000000000000000 * 2 ^ -16383 (*)
00:17:51.293539 ST(5)=FPR5={0000'00000000'00000000} t0 +0.0000000000000000000000 * 2 ^ -16383 (*)
00:17:51.293541 ST(6)=FPR6={0000'00000000'00000000} t0 +0.0000000000000000000000 * 2 ^ -16383 (*)
00:17:51.293542 ST(7)=FPR7={0000'00000000'00000000} t0 +0.0000000000000000000000 * 2 ^ -16383 (*)
00:17:51.293543 XMM0 =00000000'3b190358'00000000'00000003  XMM1 =53595300'39333633'3a393d4d'41455254
00:17:51.293545 XMM2 =ffffff00'00000000'00000000'00000000  XMM3 =4f435f46'4f525053'59530073'30352520
00:17:51.293547 XMM4 =00000000'00000000'00000000'00000000  XMM5 =00000000'00000000'00000000'00000000
00:17:51.293548 XMM6 =00000000'00000000'00000000'00000000  XMM7 =203a6b63'61747320'64616572'68747020
00:17:51.293550 XMM8 =49445541'2c484354'41505349'442c4243  XMM9 =442c4b43'4548434e'4f432c4d'4145542c
00:17:51.293552 XMM10=00000000'00000000'00000000'00000000  XMM11=00000000'00000000'00000000'00000000
00:17:51.293553 XMM12=00000000'00000000'00000000'00000000  XMM13=00000000'00000000'00000000'00000000
00:17:51.293555 XMM14=00000000'00000000'00000000'00000000  XMM15=00000000'00000000'00000000'00000000
00:17:51.293556 EFER         =0000000000000d01
00:17:51.293557 PAT          =0407050600070106
00:17:51.293557 STAR         =0023001000000000
00:17:51.293558 CSTAR        =0000000000000000
00:17:51.293558 LSTAR        =ffffffffa3e00080
00:17:51.293559 SFMASK       =0000000000257fd5
00:17:51.293560 KERNELGSBASE =0000000000000000
00:17:51.293560 MTRR_CAP          =0000000000000510
00:17:51.293561 MTRR_DEF_TYPE     =0000000000000c06
00:17:51.293561 MTRR_FIX64K_00000 =0606060606060606
00:17:51.293562 MTRR_FIX16K_80000 =0606060606060606
00:17:51.293563 MTRR_FIX16K_A0000 =0000000000000000
00:17:51.293563 MTRR_FIX4K_C0000  =0505050505050505
00:17:51.293564 MTRR_FIX4K_C8000  =0505050505050505
00:17:51.293564 MTRR_FIX4K_D0000  =0505050505050505
00:17:51.293565 MTRR_FIX4K_D8000  =0505050505050505
00:17:51.293566 MTRR_FIX4K_E0000  =0505050505050505
00:17:51.293566 MTRR_FIX4K_E8000  =0505050505050505
00:17:51.293567 MTRR_FIX4K_F0000  =0505050505050505
00:17:51.293567 MTRR_FIX4K_F8000  =0505050505050505
00:17:51.293568 MTRR_PHYSBASE[ 0] =0000000000000006 First=0000000000000000      0 MB [WB]
00:17:51.293569 MTRR_PHYSMASK[ 0] =0000007f00000800 Last =00000000ffffffff   4095 MB [4096 MB]
00:17:51.293571 MTRR_PHYSBASE[ 1] =00000000e0000000 First=00000000e0000000   3584 MB [UC]
00:17:51.293572 MTRR_PHYSMASK[ 1] =0000007fe0000800 Last =00000000ffffffff   4095 MB [512 MB]
00:17:51.293573 MTRR_PHYSBASE[ 2] =0000000100000006 First=0000000100000000   4096 MB [WB]
00:17:51.293575 MTRR_PHYSMASK[ 2] =0000007fe0000800 Last =000000011fffffff   4607 MB [512 MB]
00:17:51.293576 MTRR_PHYSBASE[ 3] =0000000000000000
00:17:51.293576 MTRR_PHYSMASK[ 3] =0000000000000000
00:17:51.293577 MTRR_PHYSBASE[ 4] =0000000000000000
00:17:51.293577 MTRR_PHYSMASK[ 4] =0000000000000000
00:17:51.293578 MTRR_PHYSBASE[ 5] =0000000000000000
00:17:51.293578 MTRR_PHYSMASK[ 5] =0000000000000000
00:17:51.293579 MTRR_PHYSBASE[ 6] =0000000000000000
00:17:51.293579 MTRR_PHYSMASK[ 6] =0000000000000000
00:17:51.293579 MTRR_PHYSBASE[ 7] =0000000000000000
00:17:51.293580 MTRR_PHYSMASK[ 7] =0000000000000000
00:17:51.293580 MTRR_PHYSBASE[ 8] =0000000000000000
00:17:51.293581 MTRR_PHYSMASK[ 8] =0000000000000000
00:17:51.293581 MTRR_PHYSBASE[ 9] =0000000000000000
00:17:51.293582 MTRR_PHYSMASK[ 9] =0000000000000000
00:17:51.293582 MTRR_PHYSBASE[10] =0000000000000000
00:17:51.293582 MTRR_PHYSMASK[10] =0000000000000000
00:17:51.293583 MTRR_PHYSBASE[11] =0000000000000000
00:17:51.293583 MTRR_PHYSMASK[11] =0000000000000000
00:17:51.293584 MTRR_PHYSBASE[12] =0000000000000000
00:17:51.293584 MTRR_PHYSMASK[12] =0000000000000000
00:17:51.293585 MTRR_PHYSBASE[13] =0000000000000000
00:17:51.293585 MTRR_PHYSMASK[13] =0000000000000000
00:17:51.293586 MTRR_PHYSBASE[14] =0000000000000000
00:17:51.293586 MTRR_PHYSMASK[14] =0000000000000000
00:17:51.293586 MTRR_PHYSBASE[15] =0000000000000000
00:17:51.293587 MTRR_PHYSMASK[15] =0000000000000000
00:17:51.293588 ***
00:17:51.293590 VCPU[0] hardware virtualization state:
00:17:51.293591 fSavedInhibit                = 0x0
00:17:51.293591 In nested-guest hwvirt mode  = false
00:17:51.293592 Hwvirt state disabled.
00:17:51.293593 ***
00:17:51.293595 Guest paging mode (VCPU #0):  AMD64+NX (changed 3 times), A20 enabled (changed 0 times)
00:17:51.293597 Guest SLAT mode (VCPU #0): Direct
00:17:51.293597 Shadow paging mode (VCPU #0): None
00:17:51.293598 Host paging mode:             AMD64+NX
00:17:51.293616 ***
00:17:51.293619 Active Timers (pVM=000001f00ec60000)
00:17:51.293619 pTimerR3         offNext  offPrev  offSched Clock               Time             Expire HzHint State                     Description
00:17:51.293622 000001f00efb0180 00000004 ffffffff ffffffff Real            56405040           56405050      0 2-ACTIVE                  VGA Refresh
00:17:51.293625 000001f00efb0200 ffffffff 00000003 ffffffff Real            56405040           56405855      0 2-ACTIVE                  CPU Load Timer
00:17:51.293628 000001f117000280 ffffffff ffffffff ffffffff Virt       1069068637130      1073066071611      0 2-ACTIVE                  Heartbeat flatlined
00:17:51.293631 000001f115ec0100 00000001 ffffffff ffffffff VrSy       1069068017325      1069068988942    254 2-ACTIVE                  APIC Timer 1
00:17:51.293634 000001f115ec0080 00000005 00000002 ffffffff VrSy       1069068082629      1069279341991      2 2-ACTIVE                  APIC Timer 0
00:17:51.293654 000001f115ec0280 00000007 00000001 ffffffff VrSy       1069068141168      1069990000000      0 2-ACTIVE                  MC146818 RTC Second
00:17:51.293657 000001f115ec0380 ffffffff 00000005 ffffffff VrSy       1069068214503      1199864031882      0 2-ACTIVE                  ACPI PM
00:17:51.293660 ***
00:17:51.293663 Guest GDT (GCAddr=fffffe210fefb000 limit=7f):
00:17:51.293676 0008 - 0000ffff 00cf9b00 - base=00000000 limit=ffffffff dpl=0 CodeER Accessed Present Page 32-bit 
00:17:51.293678 0010 - 0000ffff 00af9b00 - base=00000000 limit=ffffffff dpl=0 CodeER Accessed Present Page 16-bit 
00:17:51.293679 0018 - 0000ffff 00cf9300 - base=00000000 limit=ffffffff dpl=0 DataRW Accessed Present Page 32-bit 
00:17:51.293680 0020 - 0000ffff 00cffb00 - base=00000000 limit=ffffffff dpl=3 CodeER Accessed Present Page 32-bit 
00:17:51.293681 0028 - 0000ffff 00cff300 - base=00000000 limit=ffffffff dpl=3 DataRW Accessed Present Page 32-bit 
00:17:51.293682 0030 - 0000ffff 00affb00 - base=00000000 limit=ffffffff dpl=3 CodeER Accessed Present Page 16-bit 
00:17:51.293684 0040 - d0004087 0f008bef - base=0fefd000 limit=00004087 dpl=0 TSS32Busy Present 16-bit 
00:17:51.293687 0078 - 00000000 0040f500 - base=00000000 limit=00000000 dpl=3 DataDownRO Accessed Present 32-bit 
00:17:51.293689 ************** End of Guest state at power off ***************
00:17:51.294034 Display::i_handleDisplayResize: uScreenId=0 pvVRAM=0000000000000000 w=1280 h=800 bpp=0 cbLine=0x0 flags=0x2 origin=0,0
00:17:51.295353 ERROR [COM]: aRC=E_ACCESSDENIED (0x80070005) aIID={6ac83d89-6ee7-4e33-8ae6-b257b2e81be8} aComponent={ConsoleWrap} aText={The virtual machine is being powered down}, preserve=false aResultDetail=0
00:17:51.316360 ERROR [COM]: aRC=E_ACCESSDENIED (0x80070005) aIID={6ac83d89-6ee7-4e33-8ae6-b257b2e81be8} aComponent={ConsoleWrap} aText={The virtual machine is being powered down}, preserve=false aResultDetail=0
00:17:51.376530 PDMR3PowerOff: 82 825 557 ns run time
00:17:51.376594 Changing the VM state from 'POWERING_OFF' to 'OFF'
00:17:51.385246 Changing the VM state from 'OFF' to 'DESTROYING'
00:17:51.385361 ************************* Statistics *************************
00:17:51.385381 /CPUM/MSR-Totals/Reads                          6205 times
00:17:51.385389 /CPUM/MSR-Totals/ReadsRaisingGP                    0 times
00:17:51.385409 /CPUM/MSR-Totals/ReadsUnknown                      1 times
00:17:51.385439 /CPUM/MSR-Totals/Writes                            5 times
00:17:51.385479 /CPUM/MSR-Totals/WritesRaisingGP                   0 times
00:17:51.385506 /CPUM/MSR-Totals/WritesToIgnoredBits               0 times
00:17:51.385512 /CPUM/MSR-Totals/WritesUnknown                     0 times
00:17:51.385520 /Devices/8237A/DmaRun                              0 ticks/call (           0 ticks,       0 calls, max         0, min      -1)
00:17:51.385553 /Devices/IDE0/ATA0/Unit0/AtapiDMA               5611 times
00:17:51.385571 /Devices/IDE0/ATA0/Unit0/AtapiPIO               1480 times
00:17:51.385580 /Devices/IDE0/ATA0/Unit0/DMA                       0 times
00:17:51.385586 /Devices/IDE0/ATA0/Unit0/PIO                       0 times
00:17:51.385613 /Devices/IDE0/ATA0/Unit0/ReadBytes         616636416 bytes
00:17:51.385621 /Devices/IDE0/ATA0/Unit0/StatusYields           8891 ticks/call (    12234955 ticks,    1376 calls, max   4667241, min    2758)
00:17:51.385633 /Devices/IDE0/ATA0/Unit0/WrittenBytes              0 bytes
00:17:51.385642 /Devices/IDE0/ATA0/Unit1/AtapiDMA                  0 times
00:17:51.385651 /Devices/IDE0/ATA0/Unit1/AtapiPIO                  0 times
00:17:51.385656 /Devices/IDE0/ATA0/Unit1/DMA                       0 times
00:17:51.385663 /Devices/IDE0/ATA0/Unit1/PIO                       0 times
00:17:51.385669 /Devices/IDE0/ATA0/Unit1/ReadBytes                 0 bytes
00:17:51.385675 /Devices/IDE0/ATA0/Unit1/StatusYields              0 ticks/call (           0 ticks,       0 calls, max         0, min      -1)
00:17:51.385681 /Devices/IDE0/ATA0/Unit1/WrittenBytes              0 bytes
00:17:51.385687 /Devices/IDE0/ATA1/Unit0/AtapiDMA                  0 times
00:17:51.385692 /Devices/IDE0/ATA1/Unit0/AtapiPIO                  0 times
00:17:51.385697 /Devices/IDE0/ATA1/Unit0/DMA                       0 times
00:17:51.385702 /Devices/IDE0/ATA1/Unit0/PIO                       0 times
00:17:51.385708 /Devices/IDE0/ATA1/Unit0/ReadBytes                 0 bytes
00:17:51.385731 /Devices/IDE0/ATA1/Unit0/StatusYields              0 ticks/call (           0 ticks,       0 calls, max         0, min      -1)
00:17:51.385736 /Devices/IDE0/ATA1/Unit0/WrittenBytes              0 bytes
00:17:51.385761 /Devices/IDE0/ATA1/Unit1/AtapiDMA                  0 times
00:17:51.385766 /Devices/IDE0/ATA1/Unit1/AtapiPIO                  0 times
00:17:51.385771 /Devices/IDE0/ATA1/Unit1/DMA                       0 times
00:17:51.385776 /Devices/IDE0/ATA1/Unit1/PIO                       0 times
00:17:51.385781 /Devices/IDE0/ATA1/Unit1/ReadBytes                 0 bytes
00:17:51.385786 /Devices/IDE0/ATA1/Unit1/StatusYields              0 ticks/call (           0 ticks,       0 calls, max         0, min      -1)
00:17:51.385809 /Devices/IDE0/ATA1/Unit1/WrittenBytes              0 bytes
00:17:51.385833 /Devices/VMMDev/BalloonChunks                      0 count
00:17:51.385838 /Devices/VMMDev/FastIrqAckR3                       0 count
00:17:51.385843 /Devices/VMMDev/FastIrqAckRZ                       0 count
00:17:51.385849 /Devices/VMMDev/HGCM-Kernel/BudgetAvailable 1073741824 bytes
00:17:51.385854 /Devices/VMMDev/HGCM-Kernel/BudgetConfig   1073741824 bytes
00:17:51.385859 /Devices/VMMDev/HGCM-Kernel/BudgetOverruns         0 bytes
00:17:51.385864 /Devices/VMMDev/HGCM-Kernel/MessageHeapUsage         0 bytes/call (           0 bytes,       0 calls, max         0, min      -1)
00:17:51.385870 /Devices/VMMDev/HGCM-Root/BudgetAvailable  1073741824 bytes
00:17:51.385875 /Devices/VMMDev/HGCM-Root/BudgetConfig     1073741824 bytes
00:17:51.385880 /Devices/VMMDev/HGCM-Root/BudgetOverruns           0 bytes
00:17:51.385902 /Devices/VMMDev/HGCM-Root/MessageHeapUsage         0 bytes/call (           0 bytes,       0 calls, max         0, min      -1)
00:17:51.385906 /Devices/VMMDev/HGCM-User/BudgetAvailable  1073741824 bytes
00:17:51.385911 /Devices/VMMDev/HGCM-User/BudgetConfig     1073741824 bytes
00:17:51.385916 /Devices/VMMDev/HGCM-User/BudgetOverruns           0 bytes
00:17:51.385920 /Devices/VMMDev/HGCM-User/MessageHeapUsage         0 bytes/call (           0 bytes,       0 calls, max         0, min      -1)
00:17:51.385925 /Devices/VMMDev/LargeReqBufAllocs                  0 count
00:17:51.385930 /Devices/VMMDev/SlowIrqAck                         0 count
00:17:51.385935 /Devices/apic/0                               169430 times
00:17:51.385962 /Devices/apic/0/Vectors/20                      1188 times
00:17:51.385967 /Devices/apic/0/Vectors/22                      6950 times
00:17:51.385991 /Devices/apic/0/Vectors/30                        39 times
00:17:51.386023 /Devices/apic/0/Vectors/ec                     85508 times
00:17:51.386029 /Devices/apic/0/Vectors/f6                         2 times
00:17:51.386034 /Devices/apic/0/Vectors/fb                     71284 times
00:17:51.386039 /Devices/apic/0/Vectors/fd                      4460 times
00:17:51.386047 /Devices/apic/1                               493470 times
00:17:51.386056 /Devices/apic/1/Vectors/21                      5287 times
00:17:51.386061 /Devices/apic/1/Vectors/22                     36224 times
00:17:51.386067 /Devices/apic/1/Vectors/24                     27845 times
00:17:51.386081 /Devices/apic/1/Vectors/ec                    378317 times
00:17:51.386088 /Devices/apic/1/Vectors/fb                     41339 times
00:17:51.386093 /Devices/apic/1/Vectors/fd                      4460 times
00:17:51.386098 /Devices/e1000#0/ReceiveBytes              705331468 bytes
00:17:51.386103 /Devices/e1000#0/TransmitBytes               2256395 bytes
00:17:51.386110 /Devices/e1000#0/iStatIntLost                      0 ns
00:17:51.386115 /Devices/e1000#0/iStatIntLostOne                   0 ns
00:17:51.386120 /Devices/e1000#0/u64ArmedAt                        0 ns
00:17:51.386125 /Devices/e1000#0/uStatDescCtx                  37421 ns
00:17:51.386131 /Devices/e1000#0/uStatDescDat                  37449 ns
00:17:51.386136 /Devices/e1000#0/uStatDescLeg                     31 ns
00:17:51.386141 /Devices/e1000#0/uStatInt                      40538 ns
00:17:51.386146 /Devices/e1000#0/uStatIntEarly                     0 ns
00:17:51.386151 /Devices/e1000#0/uStatIntICS                     509 ns
00:17:51.386157 /Devices/e1000#0/uStatIntIMS                   28112 ns
00:17:51.386179 /Devices/e1000#0/uStatIntLate                  20062 ns
00:17:51.386184 /Devices/e1000#0/uStatIntLower                  4314 ns
00:17:51.386208 /Devices/e1000#0/uStatIntMasked               286994 ns
00:17:51.386213 /Devices/e1000#0/uStatIntRDTR                      0 ns
00:17:51.386235 /Devices/e1000#0/uStatIntRXDMT0                    0 ns
00:17:51.386240 /Devices/e1000#0/uStatIntRx                   473118 ns
00:17:51.386245 /Devices/e1000#0/uStatIntSkip                 241048 ns
00:17:51.386249 /Devices/e1000#0/uStatIntTXQE                      0 ns
00:17:51.386254 /Devices/e1000#0/uStatIntTry                  568580 ns
00:17:51.386258 /Devices/e1000#0/uStatIntTx                    37452 ns
00:17:51.386281 /Devices/e1000#0/uStatMaxTxDelay                   0 ns
00:17:51.386286 /Devices/e1000#0/uStatNoIntICR                     0 ns
00:17:51.386309 /Devices/e1000#0/uStatRAD                          0 ns
00:17:51.386313 /Devices/e1000#0/uStatRID                          0 ns
00:17:51.386318 /Devices/e1000#0/uStatRxFrm                   473118 ns
00:17:51.386323 /Devices/e1000#0/uStatTAD                          0 ns
00:17:51.386345 /Devices/e1000#0/uStatTID                          0 ns
00:17:51.386350 /Devices/e1000#0/uStatTx1514                   37452 ns
00:17:51.386374 /Devices/e1000#0/uStatTx16384                      0 ns
00:17:51.386378 /Devices/e1000#0/uStatTx2962                       0 ns
00:17:51.386383 /Devices/e1000#0/uStatTx32768                      0 ns
00:17:51.386387 /Devices/e1000#0/uStatTx4410                       0 ns
00:17:51.386392 /Devices/e1000#0/uStatTx5858                       0 ns
00:17:51.386397 /Devices/e1000#0/uStatTx7306                       0 ns
00:17:51.386401 /Devices/e1000#0/uStatTx8754                       0 ns
00:17:51.386406 /Devices/e1000#0/uStatTxDelayExp                   0 ns
00:17:51.386427 /Devices/e1000#0/uStatTxDelayed                    0 ns
00:17:51.386431 /Devices/e1000#0/uStatTxFrm                    37452 ns
00:17:51.386453 /Devices/e1000#0/uStatTxIDE                        0 ns
00:17:51.386457 /Devices/e1000#0/uStatTxLarge                      0 ns
00:17:51.386462 /Devices/e1000#0/uStatTxNoRS                   37449 ns
00:17:51.386481 /Devices/mc146818/Irq                              0 times
00:17:51.386486 /Devices/mc146818/IrqClear                         0 times
00:17:51.386510 /Devices/mc146818/PiActive                         0 ticks/call (           0 ticks,       0 calls, max         0, min      -1)
00:17:51.386516 /Devices/mc146818/PieFlip                          0 times
00:17:51.386539 /Devices/mc146818/TimerCB                          0 times
00:17:51.386545 /Devices/vga/HgmsiMdaCgaAccesses                   0 times
00:17:51.386551 /Devices/vga/VMSVGA/Cmd/3dActivateSurface          0 times
00:17:51.386556 /Devices/vga/VMSVGA/Cmd/3dBeginQuery               0 times
00:17:51.386561 /Devices/vga/VMSVGA/Cmd/3dBlitSurfaceToScreenProf         0 ticks/call (           0 ticks,       0 calls, max         0, min      -1)
00:17:51.386566 /Devices/vga/VMSVGA/Cmd/3dClear                    0 times
00:17:51.386571 /Devices/vga/VMSVGA/Cmd/3dContextDefine            0 times
00:17:51.386576 /Devices/vga/VMSVGA/Cmd/3dContextDestroy           0 times
00:17:51.386599 /Devices/vga/VMSVGA/Cmd/3dDeactivateSurface         0 times
00:17:51.386621 /Devices/vga/VMSVGA/Cmd/3dDrawPrimitives           0 times
00:17:51.386626 /Devices/vga/VMSVGA/Cmd/3dEndQuery                 0 times
00:17:51.386630 /Devices/vga/VMSVGA/Cmd/3dGenerateMipmaps          0 times
00:17:51.386654 /Devices/vga/VMSVGA/Cmd/3dPresent                  0 times
00:17:51.386659 /Devices/vga/VMSVGA/Cmd/3dPresentReadBack          0 times
00:17:51.386665 /Devices/vga/VMSVGA/Cmd/3dSetClipPlane             0 times
00:17:51.386669 /Devices/vga/VMSVGA/Cmd/3dSetLightData             0 times
00:17:51.386674 /Devices/vga/VMSVGA/Cmd/3dSetLightEnable           0 times
00:17:51.386679 /Devices/vga/VMSVGA/Cmd/3dSetMaterial              0 times
00:17:51.386701 /Devices/vga/VMSVGA/Cmd/3dSetRenderState           0 times
00:17:51.386706 /Devices/vga/VMSVGA/Cmd/3dSetRenderTarget          0 times
00:17:51.386729 /Devices/vga/VMSVGA/Cmd/3dSetScissorRect           0 times
00:17:51.386734 /Devices/vga/VMSVGA/Cmd/3dSetShader                0 times
00:17:51.386756 /Devices/vga/VMSVGA/Cmd/3dSetShaderConst           0 times
00:17:51.386761 /Devices/vga/VMSVGA/Cmd/3dSetTextureState          0 times
00:17:51.386765 /Devices/vga/VMSVGA/Cmd/3dSetTransform             0 times
00:17:51.386770 /Devices/vga/VMSVGA/Cmd/3dSetViewPort              0 times
00:17:51.386774 /Devices/vga/VMSVGA/Cmd/3dSetZRange                0 times
00:17:51.386779 /Devices/vga/VMSVGA/Cmd/3dShaderDefine             0 times
00:17:51.386783 /Devices/vga/VMSVGA/Cmd/3dShaderDestroy            0 times
00:17:51.386788 /Devices/vga/VMSVGA/Cmd/3dSurfaceCopy              0 times
00:17:51.386792 /Devices/vga/VMSVGA/Cmd/3dSurfaceDefine            0 times
00:17:51.386797 /Devices/vga/VMSVGA/Cmd/3dSurfaceDefineV2          0 times
00:17:51.386801 /Devices/vga/VMSVGA/Cmd/3dSurfaceDestroy           0 times
00:17:51.386806 /Devices/vga/VMSVGA/Cmd/3dSurfaceDma               0 times
00:17:51.386811 /Devices/vga/VMSVGA/Cmd/3dSurfaceScreen            0 times
00:17:51.386815 /Devices/vga/VMSVGA/Cmd/3dSurfaceStretchBlt         0 times
00:17:51.386820 /Devices/vga/VMSVGA/Cmd/3dWaitForQuery             0 times
00:17:51.386843 /Devices/vga/VMSVGA/Cmd/AnnotationCopy             0 times
00:17:51.386848 /Devices/vga/VMSVGA/Cmd/AnnotationFill             0 times
00:17:51.386853 /Devices/vga/VMSVGA/Cmd/BlitGmrFbToScreen          0 times
00:17:51.386858 /Devices/vga/VMSVGA/Cmd/BlitScreentoGmrFb          0 times
00:17:51.386863 /Devices/vga/VMSVGA/Cmd/DefineAlphaCursor          0 times
00:17:51.386868 /Devices/vga/VMSVGA/Cmd/DefineCursor               0 times
00:17:51.386872 /Devices/vga/VMSVGA/Cmd/DefineGmr2                 0 times
00:17:51.386877 /Devices/vga/VMSVGA/Cmd/DefineGmr2/Free            0 times
00:17:51.386882 /Devices/vga/VMSVGA/Cmd/DefineGmr2/Modify          0 times
00:17:51.386887 /Devices/vga/VMSVGA/Cmd/DefineGmrFb                0 times
00:17:51.386892 /Devices/vga/VMSVGA/Cmd/DefineScreen               0 times
00:17:51.386897 /Devices/vga/VMSVGA/Cmd/DestroyScreen              0 times
00:17:51.386919 /Devices/vga/VMSVGA/Cmd/DisplayCursor              0 times
00:17:51.386924 /Devices/vga/VMSVGA/Cmd/Escape                     0 times
00:17:51.386929 /Devices/vga/VMSVGA/Cmd/Fence                  10756 times
00:17:51.386934 /Devices/vga/VMSVGA/Cmd/InvalidCmd                 0 times
00:17:51.386940 /Devices/vga/VMSVGA/Cmd/MoveCursor                 0 times
00:17:51.386945 /Devices/vga/VMSVGA/Cmd/RectCopy                   0 times
00:17:51.386972 /Devices/vga/VMSVGA/Cmd/RectFill                   0 times
00:17:51.386977 /Devices/vga/VMSVGA/Cmd/RectRopCopy                0 times
00:17:51.387000 /Devices/vga/VMSVGA/Cmd/RemapGmr2                  0 times
00:17:51.387005 /Devices/vga/VMSVGA/Cmd/RemapGmr2/Modify           0 times
00:17:51.387010 /Devices/vga/VMSVGA/Cmd/Update                     0 times
00:17:51.387034 /Devices/vga/VMSVGA/Cmd/UpdateVerbose              0 times
00:17:51.387039 /Devices/vga/VMSVGA/EmtDelayOnBusyFifo             0 ticks/call (           0 ticks,       0 calls, max         0, min      -1)
00:17:51.387062 /Devices/vga/VMSVGA/FifoCommands                   0 times
00:17:51.387069 /Devices/vga/VMSVGA/FifoCursorFetchAgain           0 times
00:17:51.387074 /Devices/vga/VMSVGA/FifoCursorNoChange             0 times
00:17:51.387096 /Devices/vga/VMSVGA/FifoCursorPosition             0 times
00:17:51.387101 /Devices/vga/VMSVGA/FifoCursorVisiblity            0 times
00:17:51.387126 /Devices/vga/VMSVGA/FifoErrors                     0 times
00:17:51.387131 /Devices/vga/VMSVGA/FifoExtendedSleep      523107088 ticks/call (153270376792 ticks,     293 calls, max 43560298084, min    7417)
00:17:51.387138 /Devices/vga/VMSVGA/FifoStalls                     0 ticks/call (           0 ticks,       0 calls, max         0, min      -1)
00:17:51.387143 /Devices/vga/VMSVGA/FifoTodoTimeout               38 times
00:17:51.387149 /Devices/vga/VMSVGA/FifoTodoWoken              10527 times
00:17:51.387168 /Devices/vga/VMSVGA/FifoUnknownCommands            0 times
00:17:51.387195 /Devices/vga/VMSVGA/FifoWatchdogWakeUps        49634 times
00:17:51.387211 /Devices/vga/VMSVGA/Gbo/CONTEXT/cPages             1 pages
00:17:51.387235 /Devices/vga/VMSVGA/Gbo/CONTEXT/cSegs              1 count
00:17:51.387240 /Devices/vga/VMSVGA/Gbo/CONTEXT/cb              4096 bytes
00:17:51.387266 /Devices/vga/VMSVGA/Gbo/MOB/cPages               208 pages
00:17:51.387271 /Devices/vga/VMSVGA/Gbo/MOB/cSegs                  1 count
00:17:51.387276 /Devices/vga/VMSVGA/Gbo/MOB/cb                851968 bytes
00:17:51.387282 /Devices/vga/VMSVGA/Gbo/SCREENTARGET/cPages         1 pages
00:17:51.387286 /Devices/vga/VMSVGA/Gbo/SCREENTARGET/cSegs         1 count
00:17:51.387291 /Devices/vga/VMSVGA/Gbo/SCREENTARGET/cb         4096 bytes
00:17:51.387296 /Devices/vga/VMSVGA/Gbo/SHADER/cPages             79 pages
00:17:51.387301 /Devices/vga/VMSVGA/Gbo/SHADER/cSegs               2 count
00:17:51.387306 /Devices/vga/VMSVGA/Gbo/SHADER/cb             323584 bytes
00:17:51.387328 /Devices/vga/VMSVGA/Gbo/SURFACE/cPages           512 pages
00:17:51.387333 /Devices/vga/VMSVGA/Gbo/SURFACE/cSegs              2 count
00:17:51.387357 /Devices/vga/VMSVGA/Gbo/SURFACE/cb           2097152 bytes
00:17:51.387362 /Devices/vga/VMSVGA/Reg/BitsPerPixelRead           0 times
00:17:51.387367 /Devices/vga/VMSVGA/Reg/BitsPerPixelWrite          0 times
00:17:51.387372 /Devices/vga/VMSVGA/Reg/BlueMaskRead               0 times
00:17:51.387377 /Devices/vga/VMSVGA/Reg/BusyRead                   0 times
00:17:51.387382 /Devices/vga/VMSVGA/Reg/BusyWrite                  0 times
00:17:51.387387 /Devices/vga/VMSVGA/Reg/BytesPerLineRead           0 times
00:17:51.387392 /Devices/vga/VMSVGA/Reg/CapabilitesRead            1 times
00:17:51.387397 /Devices/vga/VMSVGA/Reg/CmdPrependHighRead         0 times
00:17:51.387402 /Devices/vga/VMSVGA/Reg/CmdPrependHighWrite         0 times
00:17:51.387423 /Devices/vga/VMSVGA/Reg/CmdPrependLowRead          0 times
00:17:51.387428 /Devices/vga/VMSVGA/Reg/CmdPrependLowWrite         0 times
00:17:51.387452 /Devices/vga/VMSVGA/Reg/CommandHighRead            0 times
00:17:51.387457 /Devices/vga/VMSVGA/Reg/CommandHighWrite       10757 times
00:17:51.387462 /Devices/vga/VMSVGA/Reg/CommandLowRead             0 times
00:17:51.387467 /Devices/vga/VMSVGA/Reg/CommandLowWrite        10757 times
00:17:51.387472 /Devices/vga/VMSVGA/Reg/ConfigDoneRead             1 times
00:17:51.387480 /Devices/vga/VMSVGA/Reg/ConfigDoneWrite            1 times
00:17:51.387489 /Devices/vga/VMSVGA/Reg/CursorIdRead               0 times
00:17:51.387494 /Devices/vga/VMSVGA/Reg/CursorIdWrite              0 times
00:17:51.387499 /Devices/vga/VMSVGA/Reg/CursorMobIdWrite           0 times
00:17:51.387504 /Devices/vga/VMSVGA/Reg/CursorOnRead               0 times
00:17:51.387508 /Devices/vga/VMSVGA/Reg/CursorOnWrite              0 times
00:17:51.387513 /Devices/vga/VMSVGA/Reg/CursorXRead                0 times
00:17:51.387536 /Devices/vga/VMSVGA/Reg/CursorXWrite               0 times
00:17:51.387540 /Devices/vga/VMSVGA/Reg/CursorYRead                0 times
00:17:51.387564 /Devices/vga/VMSVGA/Reg/CursorYWrite               0 times
00:17:51.387569 /Devices/vga/VMSVGA/Reg/DepthRead                  0 times
00:17:51.387574 /Devices/vga/VMSVGA/Reg/DepthWrite                 0 times
00:17:51.387579 /Devices/vga/VMSVGA/Reg/DevCapRead               264 times
00:17:51.387584 /Devices/vga/VMSVGA/Reg/DevCapWrite              264 times
00:17:51.387589 /Devices/vga/VMSVGA/Reg/DisplayHeightRead          0 times
00:17:51.387594 /Devices/vga/VMSVGA/Reg/DisplayHeightWrite         0 times
00:17:51.387599 /Devices/vga/VMSVGA/Reg/DisplayIdRead              0 times
00:17:51.387604 /Devices/vga/VMSVGA/Reg/DisplayIdWrite             0 times
00:17:51.387608 /Devices/vga/VMSVGA/Reg/DisplayIsPrimaryRead         0 times
00:17:51.387613 /Devices/vga/VMSVGA/Reg/DisplayIsPrimaryWrite         0 times
00:17:51.387635 /Devices/vga/VMSVGA/Reg/DisplayPositionXRead         0 times
00:17:51.387640 /Devices/vga/VMSVGA/Reg/DisplayPositionXWrite         0 times
00:17:51.387664 /Devices/vga/VMSVGA/Reg/DisplayPositionYRead         0 times
00:17:51.387668 /Devices/vga/VMSVGA/Reg/DisplayPositionYWrite         0 times
00:17:51.387673 /Devices/vga/VMSVGA/Reg/DisplayWidthRead           0 times
00:17:51.387678 /Devices/vga/VMSVGA/Reg/DisplayWidthWrite          0 times
00:17:51.387685 /Devices/vga/VMSVGA/Reg/EnableRead                 1 times
00:17:51.387690 /Devices/vga/VMSVGA/Reg/EnableWrite                2 times
00:17:51.387695 /Devices/vga/VMSVGA/Reg/FbOffsetRead               0 times
00:17:51.387700 /Devices/vga/VMSVGA/Reg/FbSizeRead                 0 times
00:17:51.387706 /Devices/vga/VMSVGA/Reg/FbStartRead                0 times
00:17:51.387711 /Devices/vga/VMSVGA/Reg/GBMemSizeRead              1 times
00:17:51.387715 /Devices/vga/VMSVGA/Reg/GmrDescriptorWrite         0 times
00:17:51.387720 /Devices/vga/VMSVGA/Reg/GmrDescriptorWrite/Errors         0 times
00:17:51.387725 /Devices/vga/VMSVGA/Reg/GmrDescriptorWrite/Free         0 times
00:17:51.387730 /Devices/vga/VMSVGA/Reg/GmrIdRead                  0 times
00:17:51.387735 /Devices/vga/VMSVGA/Reg/GmrIdWrite                 0 times
00:17:51.387740 /Devices/vga/VMSVGA/Reg/GmrMaxDescriptorLengthRead         0 times
00:17:51.387745 /Devices/vga/VMSVGA/Reg/GmrMaxIdsRead              1 times
00:17:51.387750 /Devices/vga/VMSVGA/Reg/GmrsMaxPagesRead           1 times
00:17:51.387755 /Devices/vga/VMSVGA/Reg/GreenMaskRead              0 times
00:17:51.387759 /Devices/vga/VMSVGA/Reg/GuestIdRead                0 times
00:17:51.387764 /Devices/vga/VMSVGA/Reg/GuestIdWrite               0 times
00:17:51.387769 /Devices/vga/VMSVGA/Reg/HeightRead                 1 times
00:17:51.387774 /Devices/vga/VMSVGA/Reg/HeightWrite                0 times
00:17:51.387779 /Devices/vga/VMSVGA/Reg/HostBitsPerPixelRead         0 times
00:17:51.387783 /Devices/vga/VMSVGA/Reg/IdRead                     1 times
00:17:51.387788 /Devices/vga/VMSVGA/Reg/IdWrite                    1 times
00:17:51.387793 /Devices/vga/VMSVGA/Reg/IrqMaskRead                0 times
00:17:51.387815 /Devices/vga/VMSVGA/Reg/IrqMaskWrite               1 times
00:17:51.387820 /Devices/vga/VMSVGA/Reg/MaxHeightRead              1 times
00:17:51.387824 /Devices/vga/VMSVGA/Reg/MaxPrimBBMemRead           1 times
00:17:51.387829 /Devices/vga/VMSVGA/Reg/MaxWidthRead               1 times
00:17:51.387835 /Devices/vga/VMSVGA/Reg/MemRegsRead                1 times
00:17:51.387841 /Devices/vga/VMSVGA/Reg/MemSizeRead                1 times
00:17:51.387845 /Devices/vga/VMSVGA/Reg/MemStartRead               0 times
00:17:51.387850 /Devices/vga/VMSVGA/Reg/MemorySizeRead             1 times
00:17:51.387854 /Devices/vga/VMSVGA/Reg/MobMaxSizeRead             1 times
00:17:51.387859 /Devices/vga/VMSVGA/Reg/NumDisplaysRead           16 times
00:17:51.387863 /Devices/vga/VMSVGA/Reg/NumDisplaysWrite           0 times
00:17:51.387868 /Devices/vga/VMSVGA/Reg/NumGuestDisplaysRead         0 times
00:17:51.387872 /Devices/vga/VMSVGA/Reg/NumGuestDisplaysWrite         0 times
00:17:51.387877 /Devices/vga/VMSVGA/Reg/PaletteRead                0 times
00:17:51.387882 /Devices/vga/VMSVGA/Reg/PaletteWrite               0 times
00:17:51.387886 /Devices/vga/VMSVGA/Reg/PitchLockRead              0 times
00:17:51.387891 /Devices/vga/VMSVGA/Reg/PitchLockWrite             0 times
00:17:51.387895 /Devices/vga/VMSVGA/Reg/PseudoColorWrite           0 times
00:17:51.387900 /Devices/vga/VMSVGA/Reg/PsuedoColorRead            0 times
00:17:51.387904 /Devices/vga/VMSVGA/Reg/ReadOnlyWrite              0 times
00:17:51.387909 /Devices/vga/VMSVGA/Reg/RedMaskRead                0 times
00:17:51.387913 /Devices/vga/VMSVGA/Reg/ScratchRead                0 times
00:17:51.387918 /Devices/vga/VMSVGA/Reg/ScratchSizeRead            0 times
00:17:51.387922 /Devices/vga/VMSVGA/Reg/ScratchWrite               0 times
00:17:51.387927 /Devices/vga/VMSVGA/Reg/ScrnTgtMaxHeightRead         1 times
00:17:51.387931 /Devices/vga/VMSVGA/Reg/ScrnTgtMaxWidthRead         1 times
00:17:51.387936 /Devices/vga/VMSVGA/Reg/SyncRead                   0 times
00:17:51.387940 /Devices/vga/VMSVGA/Reg/SyncWrite                  0 times
00:17:51.387945 /Devices/vga/VMSVGA/Reg/TopRead                    0 times
00:17:51.387949 /Devices/vga/VMSVGA/Reg/TopWrite                   0 times
00:17:51.387954 /Devices/vga/VMSVGA/Reg/TracesRead                 1 times
00:17:51.387958 /Devices/vga/VMSVGA/Reg/TracesWrite                1 times
00:17:51.387963 /Devices/vga/VMSVGA/Reg/UnknownRead                0 times
00:17:51.387967 /Devices/vga/VMSVGA/Reg/UnknownWrite               0 times
00:17:51.387972 /Devices/vga/VMSVGA/Reg/VramSizeRead               2 times
00:17:51.387976 /Devices/vga/VMSVGA/Reg/WidthRead                  1 times
00:17:51.387981 /Devices/vga/VMSVGA/Reg/WidthWrite                 0 times
00:17:51.387985 /Devices/vga/VMSVGA/Reg/WriteOnlyRead              0 times
00:17:51.387991 /EM/CPU0/ExitHashing/Step00-Hits              396282 times
00:17:51.387996 /EM/CPU0/ExitHashing/Step00-NewInserts           471 times
00:17:51.388001 /EM/CPU0/ExitHashing/Step01-Hits              223360 times
00:17:51.388006 /EM/CPU0/ExitHashing/Step01-NewInserts           185 times
00:17:51.388010 /EM/CPU0/ExitHashing/Step02-Hits               61018 times
00:17:51.388015 /EM/CPU0/ExitHashing/Step02-NewInserts            95 times
00:17:51.388020 /EM/CPU0/ExitHashing/Step03-Hits               78707 times
00:17:51.388024 /EM/CPU0/ExitHashing/Step03-NewInserts            85 times
00:17:51.388029 /EM/CPU0/ExitHashing/Step04-Hits               27391 times
00:17:51.388034 /EM/CPU0/ExitHashing/Step04-NewInserts            64 times
00:17:51.388038 /EM/CPU0/ExitHashing/Step05-Hits               43075 times
00:17:51.388043 /EM/CPU0/ExitHashing/Step05-NewInserts            40 times
00:17:51.388047 /EM/CPU0/ExitHashing/Step06-Hits               14395 times
00:17:51.388052 /EM/CPU0/ExitHashing/Step06-NewInserts            29 times
00:17:51.388057 /EM/CPU0/ExitHashing/Step07-Hits               40490 times
00:17:51.388061 /EM/CPU0/ExitHashing/Step07-NewInserts            26 times
00:17:51.388066 /EM/CPU0/ExitHashing/Step08-Hits               26777 times
00:17:51.388071 /EM/CPU0/ExitHashing/Step08-NewInserts            29 times
00:17:51.388079 /EM/CPU0/ExitHashing/Used                       1024 times
00:17:51.388083 /EM/CPU0/ExitOpt/Exec                          72086 ticks/call (  9358064986 ticks,  129817 calls, max  18081071, min    3031)
00:17:51.388091 /EM/CPU0/ExitOpt/ExecInstructions            6878757 times
00:17:51.388097 /EM/CPU0/ExitOpt/ExecRetReasonForcedFlag        3103 times
00:17:51.388102 /EM/CPU0/ExitOpt/ExecRetReasonHostInterrupt         0 times
00:17:51.388106 /EM/CPU0/ExitOpt/ExecRetReasonLongJump             0 times
00:17:51.388111 /EM/CPU0/ExitOpt/ExecRetReasonMaxDistance     126664 times
00:17:51.388116 /EM/CPU0/ExitOpt/ExecRetReasonMaxInstructions        50 times
00:17:51.388121 /EM/CPU0/ExitOpt/ExecRetReasonNormal               0 times
00:17:51.388125 /EM/CPU0/ExitOpt/ExecRetReasonTimer                0 times
00:17:51.388130 /EM/CPU0/ExitOpt/ExecSavedExit                310404 times
00:17:51.388153 /EM/CPU0/ExitOpt/Probe                        358582 ticks/call (    38368328 ticks,     107 calls, max   7351210, min    6986)
00:17:51.388160 /EM/CPU0/ExitOpt/ProbeInstructions             55149 times
00:17:51.388165 /EM/CPU0/ExitOpt/ProbedExecWithMax                28 times
00:17:51.388170 /EM/CPU0/ExitOpt/ProbedNormal                     79 times
00:17:51.388175 /EM/CPU0/ExitOpt/ProbedToRing3                     0 times
00:17:51.388180 /EM/CPU1/ExitHashing/Step00-Hits             1010980 times
00:17:51.388185 /EM/CPU1/ExitHashing/Step00-NewInserts           192 times
00:17:51.388190 /EM/CPU1/ExitHashing/Step01-Hits               72420 times
00:17:51.388195 /EM/CPU1/ExitHashing/Step01-NewInserts           275 times
00:17:51.388200 /EM/CPU1/ExitHashing/Step02-Hits               57810 times
00:17:51.388206 /EM/CPU1/ExitHashing/Step02-NewInserts           150 times
00:17:51.388211 /EM/CPU1/ExitHashing/Step03-Hits              102518 times
00:17:51.388216 /EM/CPU1/ExitHashing/Step03-NewInserts           114 times
00:17:51.388221 /EM/CPU1/ExitHashing/Step04-Hits              138946 times
00:17:51.388226 /EM/CPU1/ExitHashing/Step04-NewInserts            84 times
00:17:51.388231 /EM/CPU1/ExitHashing/Step05-Hits              347416 times
00:17:51.388236 /EM/CPU1/ExitHashing/Step05-NewInserts            75 times
00:17:51.388241 /EM/CPU1/ExitHashing/Step06-Hits               52278 times
00:17:51.388246 /EM/CPU1/ExitHashing/Step06-NewInserts            51 times
00:17:51.388251 /EM/CPU1/ExitHashing/Step07-Hits               43187 times
00:17:51.388256 /EM/CPU1/ExitHashing/Step07-NewInserts            47 times
00:17:51.388261 /EM/CPU1/ExitHashing/Step08-Hits               89957 times
00:17:51.388266 /EM/CPU1/ExitHashing/Step08-NewInserts            36 times
00:17:51.388273 /EM/CPU1/ExitHashing/Used                       1024 times
00:17:51.388278 /EM/CPU1/ExitOpt/Exec                          72462 ticks/call (  9983603571 ticks,  137777 calls, max  52022671, min    3223)
00:17:51.388285 /EM/CPU1/ExitOpt/ExecInstructions            2681959 times
00:17:51.388290 /EM/CPU1/ExitOpt/ExecRetReasonForcedFlag        6721 times
00:17:51.388311 /EM/CPU1/ExitOpt/ExecRetReasonHostInterrupt         0 times
00:17:51.388316 /EM/CPU1/ExitOpt/ExecRetReasonLongJump             0 times
00:17:51.388320 /EM/CPU1/ExitOpt/ExecRetReasonMaxDistance     131056 times
00:17:51.388325 /EM/CPU1/ExitOpt/ExecRetReasonMaxInstructions         0 times
00:17:51.388329 /EM/CPU1/ExitOpt/ExecRetReasonNormal               0 times
00:17:51.388334 /EM/CPU1/ExitOpt/ExecRetReasonTimer                0 times
00:17:51.388338 /EM/CPU1/ExitOpt/ExecSavedExit                140057 times
00:17:51.388343 /EM/CPU1/ExitOpt/Probe                        108863 ticks/call (    11975035 ticks,     110 calls, max   1019640, min   10821)
00:17:51.388349 /EM/CPU1/ExitOpt/ProbeInstructions              4241 times
00:17:51.388353 /EM/CPU1/ExitOpt/ProbedExecWithMax                17 times
00:17:51.388358 /EM/CPU1/ExitOpt/ProbedNormal                     93 times
00:17:51.388363 /EM/CPU1/ExitOpt/ProbedToRing3                     0 times
00:17:51.388368 /GIM/Hypercalls                                   25 times
00:17:51.388373 /GMM/ChunkTlbHits                                  0 times
00:17:51.388379 /GMM/ChunkTlbMisses                                0 times
00:17:51.388393 /GMM/VM/Allocated/cBasePages                       0 pages
00:17:51.388399 /GMM/VM/Allocated/cFixedPages                      0 pages
00:17:51.388420 /GMM/VM/Allocated/cShadowPages                     0 pages
00:17:51.388424 /GMM/VM/Reserved/cBasePages                  1050403 pages
00:17:51.388428 /GMM/VM/Reserved/cFixedPages                    3588 pages
00:17:51.388433 /GMM/VM/Reserved/cShadowPages                      1 pages
00:17:51.388437 /GMM/VM/cBalloonedPages                            0 pages
00:17:51.388441 /GMM/VM/cMaxBalloonedPages                         0 pages
00:17:51.388445 /GMM/VM/cPrivatePages                              0 pages
00:17:51.388450 /GMM/VM/cReqActuallyBalloonedPages                 0 pages
00:17:51.388454 /GMM/VM/cReqBalloonedPages                         0 pages
00:17:51.388458 /GMM/VM/cReqDeflatePages                           0 pages
00:17:51.388462 /GMM/VM/cShareableModules                          0 count
00:17:51.388466 /GMM/VM/cSharedPages                               0 pages
00:17:51.388471 /GMM/VM/enmPolicy                                  1 
00:17:51.388475 /GMM/VM/enmPriority                                2 
00:17:51.388480 /GMM/VM/fBallooningEnabled                 false    
00:17:51.388484 /GMM/VM/fMayAllocate                       true     
00:17:51.388488 /GMM/VM/fSharedPagingEnabled               false    
00:17:51.388492 /GMM/cAllocatedPages                               0 pages
00:17:51.388496 /GMM/cBalloonedPages                               0 pages
00:17:51.388519 /GMM/cChunks                                       0 count
00:17:51.388524 /GMM/cDuplicatePages                               0 pages
00:17:51.388529 /GMM/cFreedChunks                                  0 count
00:17:51.388534 /GMM/cLeftBehindSharedPages                        0 pages
00:17:51.388539 /GMM/cMaxPages                             4294967295 pages
00:17:51.388544 /GMM/cOverCommittedPages                           0 pages
00:17:51.388549 /GMM/cReservedPages                          1053992 pages
00:17:51.388554 /GMM/cShareableModules                             0 count
00:17:51.388558 /GMM/cSharedPages                                  0 pages
00:17:51.388563 /GMM/idFreeGeneration                      4611686018427387775 
00:17:51.388778 /GVMM/EMTs                                         2 count
00:17:51.388787 /GVMM/HostCPUs                                     6 count
00:17:51.388793 /GVMM/HostCpus/0                                   0 
00:17:51.388798 /GVMM/HostCpus/0/CurTimerHz                        0 Hz
00:17:51.388832 /GVMM/HostCpus/0/DesiredHz                         0 Hz
00:17:51.388838 /GVMM/HostCpus/0/PPTChanges                        0 times
00:17:51.388863 /GVMM/HostCpus/0/PPTStarts                         0 times
00:17:51.388868 /GVMM/HostCpus/0/idxCpuSet                         0 
00:17:51.388873 /GVMM/HostCpus/1                                   1 
00:17:51.388878 /GVMM/HostCpus/1/CurTimerHz                        0 Hz
00:17:51.388883 /GVMM/HostCpus/1/DesiredHz                         0 Hz
00:17:51.388888 /GVMM/HostCpus/1/PPTChanges                        0 times
00:17:51.388893 /GVMM/HostCpus/1/PPTStarts                         0 times
00:17:51.388898 /GVMM/HostCpus/1/idxCpuSet                         1 
00:17:51.388903 /GVMM/HostCpus/2                                   2 
00:17:51.388908 /GVMM/HostCpus/2/CurTimerHz                        0 Hz
00:17:51.388913 /GVMM/HostCpus/2/DesiredHz                         0 Hz
00:17:51.388918 /GVMM/HostCpus/2/PPTChanges                        0 times
00:17:51.388923 /GVMM/HostCpus/2/PPTStarts                         0 times
00:17:51.388928 /GVMM/HostCpus/2/idxCpuSet                         2 
00:17:51.388933 /GVMM/HostCpus/3                                   3 
00:17:51.388938 /GVMM/HostCpus/3/CurTimerHz                        0 Hz
00:17:51.388961 /GVMM/HostCpus/3/DesiredHz                         0 Hz
00:17:51.388968 /GVMM/HostCpus/3/PPTChanges                        0 times
00:17:51.388975 /GVMM/HostCpus/3/PPTStarts                         0 times
00:17:51.388980 /GVMM/HostCpus/3/idxCpuSet                         3 
00:17:51.388984 /GVMM/HostCpus/4                                   4 
00:17:51.388990 /GVMM/HostCpus/4/CurTimerHz                        0 Hz
00:17:51.388994 /GVMM/HostCpus/4/DesiredHz                         0 Hz
00:17:51.388999 /GVMM/HostCpus/4/PPTChanges                        0 times
00:17:51.389004 /GVMM/HostCpus/4/PPTStarts                         0 times
00:17:51.389026 /GVMM/HostCpus/4/idxCpuSet                         4 
00:17:51.389031 /GVMM/HostCpus/5                                   5 
00:17:51.389054 /GVMM/HostCpus/5/CurTimerHz                        0 Hz
00:17:51.389058 /GVMM/HostCpus/5/DesiredHz                         0 Hz
00:17:51.389082 /GVMM/HostCpus/5/PPTChanges                        0 times
00:17:51.389087 /GVMM/HostCpus/5/PPTStarts                         0 times
00:17:51.389092 /GVMM/HostCpus/5/idxCpuSet                         5 
00:17:51.389097 /GVMM/Sum/HaltBlocking                        465573 calls
00:17:51.389102 /GVMM/Sum/HaltCalls                           465613 calls
00:17:51.389108 /GVMM/Sum/HaltNotBlocking                         40 calls
00:17:51.389113 /GVMM/Sum/HaltTimeouts                        308404 calls
00:17:51.389118 /GVMM/Sum/HaltWakeUps                              0 calls
00:17:51.389123 /GVMM/Sum/PokeCalls                                0 calls
00:17:51.389128 /GVMM/Sum/PokeNotBusy                              0 calls
00:17:51.389133 /GVMM/Sum/PollCalls                              281 calls
00:17:51.389139 /GVMM/Sum/PollHalts                                0 calls
00:17:51.389144 /GVMM/Sum/PollWakeUps                              0 calls
00:17:51.389149 /GVMM/Sum/WakeUpCalls                         160016 calls
00:17:51.389154 /GVMM/Sum/WakeUpNotHalted                       8024 calls
00:17:51.389159 /GVMM/Sum/WakeUpWakeUps                            0 calls
00:17:51.389164 /GVMM/VCpus/0/Start                                0 ticks/call (           0 ticks,       0 calls, max         0, min       0)
00:17:51.389170 /GVMM/VCpus/0/Stop                                 0 ticks/call (           0 ticks,       0 calls, max         0, min       0)
00:17:51.389176 /GVMM/VCpus/0/cWakeUpTimerCanceled                 0 times
00:17:51.389181 /GVMM/VCpus/0/cWakeUpTimerHits                     0 times
00:17:51.389186 /GVMM/VCpus/0/cWakeUpTimerMisses                   0 times
00:17:51.389191 /GVMM/VCpus/0/cWakeUpTimerSameCpu                  0 times
00:17:51.389195 /GVMM/VCpus/1/Start                                0 ticks/call (           0 ticks,       0 calls, max         0, min       0)
00:17:51.389202 /GVMM/VCpus/1/Stop                                 0 ticks/call (           0 ticks,       0 calls, max         0, min       0)
00:17:51.389207 /GVMM/VCpus/1/cWakeUpTimerCanceled                 0 times
00:17:51.389213 /GVMM/VCpus/1/cWakeUpTimerHits                     0 times
00:17:51.389218 /GVMM/VCpus/1/cWakeUpTimerMisses                   0 times
00:17:51.389223 /GVMM/VCpus/1/cWakeUpTimerSameCpu                  0 times
00:17:51.389228 /GVMM/VM/HaltBlocking                         465573 calls
00:17:51.389233 /GVMM/VM/HaltCalls                            465613 calls
00:17:51.389238 /GVMM/VM/HaltNotBlocking                          40 calls
00:17:51.389243 /GVMM/VM/HaltTimeouts                         308404 calls
00:17:51.389249 /GVMM/VM/HaltWakeUps                               0 calls
00:17:51.389254 /GVMM/VM/PokeCalls                                 0 calls
00:17:51.389259 /GVMM/VM/PokeNotBusy                               0 calls
00:17:51.389264 /GVMM/VM/PollCalls                               281 calls
00:17:51.389269 /GVMM/VM/PollHalts                                 0 calls
00:17:51.389274 /GVMM/VM/PollWakeUps                               0 calls
00:17:51.389411 /GVMM/VM/WakeUpCalls                          160016 calls
00:17:51.389432 /GVMM/VM/WakeUpNotHalted                        8024 calls
00:17:51.389442 /GVMM/VM/WakeUpWakeUps                             0 calls
00:17:51.389448 /GVMM/VMs                                          1 count
00:17:51.389455 /HGCM/FailedPageListLocking                        0 count
00:17:51.389460 /HGCM/LargeCmdAllocs                               0 count
00:17:51.389466 /HGCM/MsgArrival                                   0 ticks/call (           0 ticks,       0 calls, max         0, min      -1)
00:17:51.389472 /HGCM/MsgCompletion                                0 ticks/call (           0 ticks,       0 calls, max         0, min      -1)
00:17:51.389479 /HGCM/MsgTotal                                     0 ticks/call (           0 ticks,       0 calls, max         0, min      -1)
00:17:51.389488 /IEM/CPU0/Exceptions/0d                            1 times
00:17:51.389494 /IEM/CPU0/Interrupts/03                            2 times
00:17:51.389501 /IEM/CPU0/Interrupts/20                         1176 times
00:17:51.389506 /IEM/CPU0/Interrupts/22                         6950 times
00:17:51.389512 /IEM/CPU0/Interrupts/30                           39 times
00:17:51.389527 /IEM/CPU0/Interrupts/ec                        85503 times
00:17:51.389535 /IEM/CPU0/Interrupts/f6                            2 times
00:17:51.389541 /IEM/CPU0/Interrupts/fb                        71279 times
00:17:51.389546 /IEM/CPU0/Interrupts/fd                         4460 times
00:17:51.389551 /IEM/CPU0/Tlb/Code/InvlPg                          0 
00:17:51.389557 /IEM/CPU0/Tlb/Code/InvlPg/LargeGlobal              0 
00:17:51.389562 /IEM/CPU0/Tlb/Code/InvlPg/LargeNonGlobal           0 
00:17:51.389567 /IEM/CPU0/Tlb/Code/LargePageGlobalCurLoads         0 count
00:17:51.389572 /IEM/CPU0/Tlb/Code/LargePageGlobalFirstTag ffffffffffffffff count
00:17:51.389578 /IEM/CPU0/Tlb/Code/LargePageGlobalLastTag          0 count
00:17:51.389583 /IEM/CPU0/Tlb/Code/LargePageNonGlobalCurLoads         0 count
00:17:51.389588 /IEM/CPU0/Tlb/Code/LargePageNonGlobalFirstTag ffffffffffffffff count
00:17:51.389593 /IEM/CPU0/Tlb/Code/LargePageNonGlobalLastTag         0 count
00:17:51.389598 /IEM/CPU0/Tlb/Code/Misses                          0 count
00:17:51.389604 /IEM/CPU0/Tlb/Code/Misses/GlobalLoads              0 count
00:17:51.389609 /IEM/CPU0/Tlb/Code/PhysicalRevision        fffffffffffce000 
00:17:51.389615 /IEM/CPU0/Tlb/Code/PhysicalRevisionFlushes         0 
00:17:51.389621 /IEM/CPU0/Tlb/Code/PhysicalRevisionRollovers         0 
00:17:51.389627 /IEM/CPU0/Tlb/Code/RevisionGlobal          fffff38000000000 
00:17:51.389632 /IEM/CPU0/Tlb/Code/RevisionGlobalFlushes           0 
00:17:51.389637 /IEM/CPU0/Tlb/Code/RevisionNonGlobal       fffff38000000000 
00:17:51.389643 /IEM/CPU0/Tlb/Code/RevisionNonGlobalFlushes         0 
00:17:51.389648 /IEM/CPU0/Tlb/Code/RevisionRollovers               0 
00:17:51.389653 /IEM/CPU0/Tlb/Code/SlowReads                       0 count
00:17:51.389658 /IEM/CPU0/Tlb/Data/InvlPg                          0 
00:17:51.389663 /IEM/CPU0/Tlb/Data/InvlPg/LargeGlobal              0 
00:17:51.389669 /IEM/CPU0/Tlb/Data/InvlPg/LargeNonGlobal           0 
00:17:51.389674 /IEM/CPU0/Tlb/Data/LargePageGlobalCurLoads         0 count
00:17:51.389679 /IEM/CPU0/Tlb/Data/LargePageGlobalFirstTag ffffffffffffffff count
00:17:51.389684 /IEM/CPU0/Tlb/Data/LargePageGlobalLastTag          0 count
00:17:51.389690 /IEM/CPU0/Tlb/Data/LargePageNonGlobalCurLoads         0 count
00:17:51.389695 /IEM/CPU0/Tlb/Data/LargePageNonGlobalFirstTag ffffffffffffffff count
00:17:51.389700 /IEM/CPU0/Tlb/Data/LargePageNonGlobalLastTag         0 count
00:17:51.389706 /IEM/CPU0/Tlb/Data/Misses                          0 count
00:17:51.389712 /IEM/CPU0/Tlb/Data/Misses/Core                     0 count
00:17:51.389717 /IEM/CPU0/Tlb/Data/Misses/Core/GlobalLoads         0 count
00:17:51.389722 /IEM/CPU0/Tlb/Data/Misses/Safe                     0 count
00:17:51.389727 /IEM/CPU0/Tlb/Data/Misses/Safe/Reads               0 count
00:17:51.389735 /IEM/CPU0/Tlb/Data/Misses/Safe/SubPartHits         0 count
00:17:51.389742 /IEM/CPU0/Tlb/Data/Misses/Safe/SubPartMisses         0 count
00:17:51.389747 /IEM/CPU0/Tlb/Data/Misses/Safe/SubPartMisses/GlobalLoads         0 count
00:17:51.389752 /IEM/CPU0/Tlb/Data/Misses/Safe/Writes              0 count
00:17:51.389757 /IEM/CPU0/Tlb/Data/PhysicalRevision        fffffffffffce000 
00:17:51.389763 /IEM/CPU0/Tlb/Data/PhysicalRevisionFlushes         0 
00:17:51.389768 /IEM/CPU0/Tlb/Data/PhysicalRevisionRollovers         0 
00:17:51.389773 /IEM/CPU0/Tlb/Data/RevisionGlobal          fffff38000000000 
00:17:51.389779 /IEM/CPU0/Tlb/Data/RevisionGlobalFlushes           0 
00:17:51.389784 /IEM/CPU0/Tlb/Data/RevisionNonGlobal       fffff38000000000 
00:17:51.389789 /IEM/CPU0/Tlb/Data/RevisionNonGlobalFlushes         0 
00:17:51.389794 /IEM/CPU0/Tlb/Data/RevisionRollovers               0 
00:17:51.389799 /IEM/CPU0/cInstructions                      7299651 count
00:17:51.389805 /IEM/CPU0/cLongJumps                               0 bytes
00:17:51.389810 /IEM/CPU0/cMisalignedAtomics                       0 count
00:17:51.389815 /IEM/CPU0/cPendingCommit                           0 count
00:17:51.389820 /IEM/CPU0/cPotentialExits                    1193997 count
00:17:51.389826 /IEM/CPU0/cRetAspectNotImplemented                 0 count
00:17:51.389831 /IEM/CPU0/cRetErrStatuses                          0 count
00:17:51.389836 /IEM/CPU0/cRetInfStatuses                          0 count
00:17:51.389841 /IEM/CPU0/cRetInstrNotImplemented                  0 count
00:17:51.389850 /IEM/CPU1/Interrupts/03                            4 times
00:17:51.389857 /IEM/CPU1/Interrupts/21                         5287 times
00:17:51.389863 /IEM/CPU1/Interrupts/22                        36224 times
00:17:51.389869 /IEM/CPU1/Interrupts/24                        27845 times
00:17:51.389882 /IEM/CPU1/Interrupts/ec                       378316 times
00:17:51.389888 /IEM/CPU1/Interrupts/fb                        41332 times
00:17:51.389894 /IEM/CPU1/Interrupts/fd                         4460 times
00:17:51.389904 /IEM/CPU1/Tlb/Code/InvlPg                          0 
00:17:51.389911 /IEM/CPU1/Tlb/Code/InvlPg/LargeGlobal              0 
00:17:51.389916 /IEM/CPU1/Tlb/Code/InvlPg/LargeNonGlobal           0 
00:17:51.389923 /IEM/CPU1/Tlb/Code/LargePageGlobalCurLoads         0 count
00:17:51.389928 /IEM/CPU1/Tlb/Code/LargePageGlobalFirstTag ffffffffffffffff count
00:17:51.389933 /IEM/CPU1/Tlb/Code/LargePageGlobalLastTag          0 count
00:17:51.389938 /IEM/CPU1/Tlb/Code/LargePageNonGlobalCurLoads         0 count
00:17:51.389943 /IEM/CPU1/Tlb/Code/LargePageNonGlobalFirstTag ffffffffffffffff count
00:17:51.389948 /IEM/CPU1/Tlb/Code/LargePageNonGlobalLastTag         0 count
00:17:51.389954 /IEM/CPU1/Tlb/Code/Misses                          0 count
00:17:51.389960 /IEM/CPU1/Tlb/Code/Misses/GlobalLoads              0 count
00:17:51.389965 /IEM/CPU1/Tlb/Code/PhysicalRevision        fffffffffffce000 
00:17:51.389970 /IEM/CPU1/Tlb/Code/PhysicalRevisionFlushes         0 
00:17:51.389975 /IEM/CPU1/Tlb/Code/PhysicalRevisionRollovers         0 
00:17:51.389980 /IEM/CPU1/Tlb/Code/RevisionGlobal          fffff38000000000 
00:17:51.389985 /IEM/CPU1/Tlb/Code/RevisionGlobalFlushes           0 
00:17:51.389990 /IEM/CPU1/Tlb/Code/RevisionNonGlobal       fffff38000000000 
00:17:51.389996 /IEM/CPU1/Tlb/Code/RevisionNonGlobalFlushes         0 
00:17:51.390001 /IEM/CPU1/Tlb/Code/RevisionRollovers               0 
00:17:51.390005 /IEM/CPU1/Tlb/Code/SlowReads                       0 count
00:17:51.390010 /IEM/CPU1/Tlb/Data/InvlPg                          0 
00:17:51.390015 /IEM/CPU1/Tlb/Data/InvlPg/LargeGlobal              0 
00:17:51.390020 /IEM/CPU1/Tlb/Data/InvlPg/LargeNonGlobal           0 
00:17:51.390025 /IEM/CPU1/Tlb/Data/LargePageGlobalCurLoads         0 count
00:17:51.390030 /IEM/CPU1/Tlb/Data/LargePageGlobalFirstTag ffffffffffffffff count
00:17:51.390035 /IEM/CPU1/Tlb/Data/LargePageGlobalLastTag          0 count
00:17:51.390042 /IEM/CPU1/Tlb/Data/LargePageNonGlobalCurLoads         0 count
00:17:51.390048 /IEM/CPU1/Tlb/Data/LargePageNonGlobalFirstTag ffffffffffffffff count
00:17:51.390054 /IEM/CPU1/Tlb/Data/LargePageNonGlobalLastTag         0 count
00:17:51.390059 /IEM/CPU1/Tlb/Data/Misses                          0 count
00:17:51.390065 /IEM/CPU1/Tlb/Data/Misses/Core                     0 count
00:17:51.390070 /IEM/CPU1/Tlb/Data/Misses/Core/GlobalLoads         0 count
00:17:51.390075 /IEM/CPU1/Tlb/Data/Misses/Safe                     0 count
00:17:51.390080 /IEM/CPU1/Tlb/Data/Misses/Safe/Reads               0 count
00:17:51.390085 /IEM/CPU1/Tlb/Data/Misses/Safe/SubPartHits         0 count
00:17:51.390089 /IEM/CPU1/Tlb/Data/Misses/Safe/SubPartMisses         0 count
00:17:51.390094 /IEM/CPU1/Tlb/Data/Misses/Safe/SubPartMisses/GlobalLoads         0 count
00:17:51.390099 /IEM/CPU1/Tlb/Data/Misses/Safe/Writes              0 count
00:17:51.390104 /IEM/CPU1/Tlb/Data/PhysicalRevision        fffffffffffce000 
00:17:51.390109 /IEM/CPU1/Tlb/Data/PhysicalRevisionFlushes         0 
00:17:51.390115 /IEM/CPU1/Tlb/Data/PhysicalRevisionRollovers         0 
00:17:51.390121 /IEM/CPU1/Tlb/Data/RevisionGlobal          fffff38000000000 
00:17:51.390126 /IEM/CPU1/Tlb/Data/RevisionGlobalFlushes           0 
00:17:51.390148 /IEM/CPU1/Tlb/Data/RevisionNonGlobal       fffff38000000000 
00:17:51.390153 /IEM/CPU1/Tlb/Data/RevisionNonGlobalFlushes         0 
00:17:51.390178 /IEM/CPU1/Tlb/Data/RevisionRollovers               0 
00:17:51.390183 /IEM/CPU1/cInstructions                      3970771 count
00:17:51.390199 /IEM/CPU1/cLongJumps                               0 bytes
00:17:51.390204 /IEM/CPU1/cMisalignedAtomics                       0 count
00:17:51.390209 /IEM/CPU1/cPendingCommit                           0 count
00:17:51.390214 /IEM/CPU1/cPotentialExits                    1899629 count
00:17:51.390219 /IEM/CPU1/cRetAspectNotImplemented                 0 count
00:17:51.390224 /IEM/CPU1/cRetErrStatuses                          0 count
00:17:51.390229 /IEM/CPU1/cRetInfStatuses                          0 count
00:17:51.390234 /IEM/CPU1/cRetInstrNotImplemented                  0 count
00:17:51.390241 /IOM/MmioMappingsStale                             0 ticks/call
00:17:51.390246 /IOM/MmioTooDeepRecursion                          0 times
00:17:51.390252 /NEM/CPU0/BreakOnCancel                            0 times
00:17:51.390257 /NEM/CPU0/BreakOnFFPost                         6785 times
00:17:51.390262 /NEM/CPU0/BreakOnFFPre                           193 times
00:17:51.390268 /NEM/CPU0/BreakOnStatus                        94524 times
00:17:51.390273 /NEM/CPU0/CancelAlertedEMT                         0 times
00:17:51.390278 /NEM/CPU0/CancelChangedState                       0 times
00:17:51.390283 /NEM/CPU0/ExitApicEoi                              0 times
00:17:51.390288 /NEM/CPU0/ExitApicSipiInit                         0 times
00:17:51.390294 /NEM/CPU0/ExitCanceled                         73399 times
00:17:51.390299 /NEM/CPU0/ExitCpuId                           286287 times
00:17:51.390304 /NEM/CPU0/ExitException                           24 times
00:17:51.390309 /NEM/CPU0/ExitExceptionBp                          2 times
00:17:51.390314 /NEM/CPU0/ExitExceptionDb                          0 times
00:17:51.390319 /NEM/CPU0/ExitExceptionGp                         16 times
00:17:51.390325 /NEM/CPU0/ExitExceptionGpMesa                      0 times
00:17:51.390330 /NEM/CPU0/ExitExceptionUd                          6 times
00:17:51.390335 /NEM/CPU0/ExitExceptionUdHandled                  22 times
00:17:51.390340 /NEM/CPU0/ExitHalt                             94524 times
00:17:51.390345 /NEM/CPU0/ExitInterruptWindow                  25401 times
00:17:51.390350 /NEM/CPU0/ExitMemUnmapped                     408381 times
00:17:51.390356 /NEM/CPU0/ExitMsr                                 10 times
00:17:51.390362 /NEM/CPU0/ExitPortIo                          250175 times
00:17:51.390367 /NEM/CPU0/ExitUnrecoverable                        0 times
00:17:51.390374 /NEM/CPU0/GetMsgTimeout                            0 times
00:17:51.390381 /NEM/CPU0/ImportOnDemand                       69712 times
00:17:51.390387 /NEM/CPU0/ImportOnReturn                       95231 times
00:17:51.390392 /NEM/CPU0/ImportOnReturnSkipped                 6271 times
00:17:51.390397 /NEM/CPU0/QueryCpuTick                          2488 times
00:17:51.390402 /NEM/CPU0/StopCpuPending                           0 times
00:17:51.390407 /NEM/CPU0/StopCpuPendingAlerts                     0 times
00:17:51.390412 /NEM/CPU0/StopCpuPendingOdd                        0 times
00:17:51.390417 /NEM/CPU0/StopCpuSuccess                           0 times
00:17:51.390423 /NEM/CPU1/BreakOnCancel                            0 times
00:17:51.390428 /NEM/CPU1/BreakOnFFPost                        23192 times
00:17:51.390433 /NEM/CPU1/BreakOnFFPre                        143806 times
00:17:51.390439 /NEM/CPU1/BreakOnStatus                       326974 times
00:17:51.390444 /NEM/CPU1/CancelAlertedEMT                         0 times
00:17:51.390449 /NEM/CPU1/CancelChangedState                       0 times
00:17:51.390455 /NEM/CPU1/ExitApicEoi                              0 times
00:17:51.390460 /NEM/CPU1/ExitApicSipiInit                         0 times
00:17:51.390465 /NEM/CPU1/ExitCanceled                         31674 times
00:17:51.390470 /NEM/CPU1/ExitCpuId                           203763 times
00:17:51.390476 /NEM/CPU1/ExitException                           23 times
00:17:51.390482 /NEM/CPU1/ExitExceptionBp                          4 times
00:17:51.390487 /NEM/CPU1/ExitExceptionDb                          0 times
00:17:51.390492 /NEM/CPU1/ExitExceptionGp                          0 times
00:17:51.390497 /NEM/CPU1/ExitExceptionGpMesa                      0 times
00:17:51.390502 /NEM/CPU1/ExitExceptionUd                         19 times
00:17:51.390507 /NEM/CPU1/ExitExceptionUdHandled                  19 times
00:17:51.390513 /NEM/CPU1/ExitHalt                            326974 times
00:17:51.390518 /NEM/CPU1/ExitInterruptWindow                 111488 times
00:17:51.390523 /NEM/CPU1/ExitMemUnmapped                    1411345 times
00:17:51.390528 /NEM/CPU1/ExitMsr                                 11 times
00:17:51.390534 /NEM/CPU1/ExitPortIo                          343111 times
00:17:51.390539 /NEM/CPU1/ExitUnrecoverable                        0 times
00:17:51.390545 /NEM/CPU1/GetMsgTimeout                            0 times
00:17:51.390550 /NEM/CPU1/ImportOnDemand                      115351 times
00:17:51.390555 /NEM/CPU1/ImportOnReturn                      478707 times
00:17:51.390560 /NEM/CPU1/ImportOnReturnSkipped                15265 times
00:17:51.390565 /NEM/CPU1/QueryCpuTick                          3589 times
00:17:51.390570 /NEM/CPU1/StopCpuPending                           0 times
00:17:51.390575 /NEM/CPU1/StopCpuPendingAlerts                     0 times
00:17:51.390608 /NEM/CPU1/StopCpuPendingOdd                        0 times
00:17:51.390619 /NEM/CPU1/StopCpuSuccess                           0 times
00:17:51.390625 /NEM/PagesCurrentlyMapped                          0 pages
00:17:51.390631 /NEM/PagesMapCalls                               892 pages
00:17:51.390637 /NEM/PagesMapFails                                 0 pages
00:17:51.390643 /NEM/PagesMapGpaRange                        5116243 ticks/call (   255812150 ticks,      50 calls, max 206435877, min   41720)
00:17:51.390650 /NEM/PagesMapGpaRangePage                          0 ticks/call (           0 ticks,       0 calls, max         0, min      -1)
00:17:51.390656 /NEM/PagesUnmapCalls                             892 pages
00:17:51.390662 /NEM/PagesUnmapFails                               0 pages
00:17:51.390668 /NEM/PagesUnmapGpaRange                       502408 ticks/call (    16077070 ticks,      32 calls, max   4504983, min   43825)
00:17:51.390693 /NEM/PagesUnmapGpaRangePage                    42687 ticks/call (    38076900 ticks,     892 calls, max    686893, min   34215)
00:17:51.390713 /NEM/R0Stats/cPagesAvailable                       0 pages
00:17:51.390721 /NEM/R0Stats/cPagesInUse                           0 pages
00:17:51.390726 /PDM/BlkCache/cbCached                             0 bytes
00:17:51.390732 /PDM/BlkCache/cbCachedFru                          0 bytes
00:17:51.390737 /PDM/BlkCache/cbCachedMruIn                        0 bytes
00:17:51.390742 /PDM/BlkCache/cbCachedMruOut                       0 bytes
00:17:51.390747 /PDM/BlkCache/cbMax                          5242880 bytes
00:17:51.390752 /PDM/CritSects/00-AbortedEnters                    0 times
00:17:51.390757 /PDM/CritSects/00-EntersWhileAborting              0 times
00:17:51.390782 /PDM/CritSects/00-Non-interruptible-Waits-VINF_SUCCESS         0 times
00:17:51.390787 /PDM/CritSects/00-QueuedLeaves                     0 times
00:17:51.390792 /PDM/CritSects/00-VERR_INTERRUPTED                 0 times
00:17:51.390798 /PDM/CritSects/00-VERR_TIMEOUT                     0 times
00:17:51.390804 /PDM/CritSects/8237A#0Auto/ContentionR3            0 times
00:17:51.390809 /PDM/CritSects/8237A#0Auto/ContentionR3Wait         0 ticks/time (           0 ticks,       0 times, max         0, min      -1)
00:17:51.390815 /PDM/CritSects/8237A#0Auto/ContentionRZLock         0 times
00:17:51.390821 /PDM/CritSects/8237A#0Auto/ContentionRZLockBusy         0 times
00:17:51.390826 /PDM/CritSects/8237A#0Auto/ContentionRZUnlock         0 times
00:17:51.390831 /PDM/CritSects/8237A#0Auto/ContentionRZWait         0 ticks/time (           0 ticks,       0 times, max         0, min      -1)
00:17:51.390836 /PDM/CritSects/AHCI#0/ContentionR3                 2 times
00:17:51.390841 /PDM/CritSects/AHCI#0/ContentionR3Wait         49875 ticks/time (       99751 ticks,       2 times, max     82534, min   17217)
00:17:51.390847 /PDM/CritSects/AHCI#0/ContentionRZLock             0 times
00:17:51.390878 /PDM/CritSects/AHCI#0/ContentionRZLockBusy         0 times
00:17:51.390905 /PDM/CritSects/AHCI#0/ContentionRZUnlock           0 times
00:17:51.390917 /PDM/CritSects/AHCI#0/ContentionRZWait             0 ticks/time (           0 ticks,       0 times, max         0, min      -1)
00:17:51.390925 /PDM/CritSects/ATA#0-Ctl/ContentionR3            519 times
00:17:51.390930 /PDM/CritSects/ATA#0-Ctl/ContentionR3Wait     100799 ticks/time (    52314890 ticks,     519 times, max   2369987, min    5856)
00:17:51.390938 /PDM/CritSects/ATA#0-Ctl/ContentionRZLock          0 times
00:17:51.390943 /PDM/CritSects/ATA#0-Ctl/ContentionRZLockBusy         0 times
00:17:51.390948 /PDM/CritSects/ATA#0-Ctl/ContentionRZUnlock         0 times
00:17:51.390953 /PDM/CritSects/ATA#0-Ctl/ContentionRZWait          0 ticks/time (           0 ticks,       0 times, max         0, min      -1)
00:17:51.390959 /PDM/CritSects/ATA#0-Req/ContentionR3              0 times
00:17:51.390965 /PDM/CritSects/ATA#0-Req/ContentionR3Wait          0 ticks/time (           0 ticks,       0 times, max         0, min      -1)
00:17:51.390971 /PDM/CritSects/ATA#0-Req/ContentionRZLock          0 times
00:17:51.390976 /PDM/CritSects/ATA#0-Req/ContentionRZLockBusy         0 times
00:17:51.390981 /PDM/CritSects/ATA#0-Req/ContentionRZUnlock         0 times
00:17:51.390986 /PDM/CritSects/ATA#0-Req/ContentionRZWait          0 ticks/time (           0 ticks,       0 times, max         0, min      -1)
00:17:51.390992 /PDM/CritSects/ATA#1-Ctl/ContentionR3              0 times
00:17:51.390997 /PDM/CritSects/ATA#1-Ctl/ContentionR3Wait          0 ticks/time (           0 ticks,       0 times, max         0, min      -1)
00:17:51.391003 /PDM/CritSects/ATA#1-Ctl/ContentionRZLock          0 times
00:17:51.391008 /PDM/CritSects/ATA#1-Ctl/ContentionRZLockBusy         0 times
00:17:51.391014 /PDM/CritSects/ATA#1-Ctl/ContentionRZUnlock         0 times
00:17:51.391019 /PDM/CritSects/ATA#1-Ctl/ContentionRZWait          0 ticks/time (           0 ticks,       0 times, max         0, min      -1)
00:17:51.391024 /PDM/CritSects/ATA#1-Req/ContentionR3              0 times
00:17:51.391033 /PDM/CritSects/ATA#1-Req/ContentionR3Wait          0 ticks/time (           0 ticks,       0 times, max         0, min      -1)
00:17:51.391041 /PDM/CritSects/ATA#1-Req/ContentionRZLock          0 times
00:17:51.391047 /PDM/CritSects/ATA#1-Req/ContentionRZLockBusy         0 times
00:17:51.391052 /PDM/CritSects/ATA#1-Req/ContentionRZUnlock         0 times
00:17:51.391057 /PDM/CritSects/ATA#1-Req/ContentionRZWait          0 ticks/time (           0 ticks,       0 times, max         0, min      -1)
00:17:51.391063 /PDM/CritSects/E1000#0/ContentionR3              795 times
00:17:51.391068 /PDM/CritSects/E1000#0/ContentionR3Wait       106272 ticks/time (    84486656 ticks,     795 times, max   1800256, min    6782)
00:17:51.391075 /PDM/CritSects/E1000#0/ContentionRZLock            0 times
00:17:51.391080 /PDM/CritSects/E1000#0/ContentionRZLockBusy         0 times
00:17:51.391085 /PDM/CritSects/E1000#0/ContentionRZUnlock          0 times
00:17:51.391090 /PDM/CritSects/E1000#0/ContentionRZWait            0 ticks/time (           0 ticks,       0 times, max         0, min      -1)
00:17:51.391096 /PDM/CritSects/E1000#0RX/ContentionR3            287 times
00:17:51.391101 /PDM/CritSects/E1000#0RX/ContentionR3Wait     137816 ticks/time (    39553375 ticks,     287 times, max    978923, min    7274)
00:17:51.391108 /PDM/CritSects/E1000#0RX/ContentionRZLock          0 times
00:17:51.391113 /PDM/CritSects/E1000#0RX/ContentionRZLockBusy         0 times
00:17:51.391118 /PDM/CritSects/E1000#0RX/ContentionRZUnlock         0 times
00:17:51.391123 /PDM/CritSects/E1000#0RX/ContentionRZWait          0 ticks/time (           0 ticks,       0 times, max         0, min      -1)
00:17:51.391128 /PDM/CritSects/E1000#0TX/ContentionR3              0 times
00:17:51.391133 /PDM/CritSects/E1000#0TX/ContentionR3Wait          0 ticks/time (           0 ticks,       0 times, max         0, min      -1)
00:17:51.391139 /PDM/CritSects/E1000#0TX/ContentionRZLock          0 times
00:17:51.391149 /PDM/CritSects/E1000#0TX/ContentionRZLockBusy         0 times
00:17:51.391155 /PDM/CritSects/E1000#0TX/ContentionRZUnlock         0 times
00:17:51.391160 /PDM/CritSects/E1000#0TX/ContentionRZWait          0 ticks/time (           0 ticks,       0 times, max         0, min      -1)
00:17:51.391166 /PDM/CritSects/EHCI#0Irq/ContentionR3              0 times
00:17:51.391171 /PDM/CritSects/EHCI#0Irq/ContentionR3Wait          0 ticks/time (           0 ticks,       0 times, max         0, min      -1)
00:17:51.391177 /PDM/CritSects/EHCI#0Irq/ContentionRZLock          0 times
00:17:51.391182 /PDM/CritSects/EHCI#0Irq/ContentionRZLockBusy         0 times
00:17:51.391187 /PDM/CritSects/EHCI#0Irq/ContentionRZUnlock         0 times
00:17:51.391192 /PDM/CritSects/EHCI#0Irq/ContentionRZWait          0 ticks/time (           0 ticks,       0 times, max         0, min      -1)
00:17:51.391213 /PDM/CritSects/GIMDev#0Auto/ContentionR3           0 times
00:17:51.391238 /PDM/CritSects/GIMDev#0Auto/ContentionR3Wait         0 ticks/time (           0 ticks,       0 times, max         0, min      -1)
00:17:51.391245 /PDM/CritSects/GIMDev#0Auto/ContentionRZLock         0 times
00:17:51.391251 /PDM/CritSects/GIMDev#0Auto/ContentionRZLockBusy         0 times
00:17:51.391256 /PDM/CritSects/GIMDev#0Auto/ContentionRZUnlock         0 times
00:17:51.391261 /PDM/CritSects/GIMDev#0Auto/ContentionRZWait         0 ticks/time (           0 ticks,       0 times, max         0, min      -1)
00:17:51.391267 /PDM/CritSects/NOP/ContentionR3                    0 times
00:17:51.391272 /PDM/CritSects/NOP/ContentionR3Wait                0 ticks/time (           0 ticks,       0 times, max         0, min      -1)
00:17:51.391278 /PDM/CritSects/NOP/ContentionRZLock                0 times
00:17:51.391283 /PDM/CritSects/NOP/ContentionRZLockBusy            0 times
00:17:51.391288 /PDM/CritSects/NOP/ContentionRZUnlock              0 times
00:17:51.391293 /PDM/CritSects/NOP/ContentionRZWait                0 ticks/time (           0 ticks,       0 times, max         0, min      -1)
00:17:51.391302 /PDM/CritSects/OHCI#0Irq/ContentionR3              0 times
00:17:51.391309 /PDM/CritSects/OHCI#0Irq/ContentionR3Wait          0 ticks/time (           0 ticks,       0 times, max         0, min      -1)
00:17:51.391314 /PDM/CritSects/OHCI#0Irq/ContentionRZLock          0 times
00:17:51.391319 /PDM/CritSects/OHCI#0Irq/ContentionRZLockBusy         0 times
00:17:51.391324 /PDM/CritSects/OHCI#0Irq/ContentionRZUnlock         0 times
00:17:51.391329 /PDM/CritSects/OHCI#0Irq/ContentionRZWait          0 ticks/time (           0 ticks,       0 times, max         0, min      -1)
00:17:51.391335 /PDM/CritSects/PDM/ContentionR3                   13 times
00:17:51.391340 /PDM/CritSects/PDM/ContentionR3Wait            81320 ticks/time (     1057168 ticks,      13 times, max    189728, min   11325)
00:17:51.391347 /PDM/CritSects/PDM/ContentionRZLock                0 times
00:17:51.391352 /PDM/CritSects/PDM/ContentionRZLockBusy            0 times
00:17:51.391357 /PDM/CritSects/PDM/ContentionRZUnlock              0 times
00:17:51.391362 /PDM/CritSects/PDM/ContentionRZWait                0 ticks/time (           0 ticks,       0 times, max         0, min      -1)
00:17:51.391368 /PDM/CritSects/PGM/ContentionR3                59508 times
00:17:51.391373 /PDM/CritSects/PGM/ContentionR3Wait           127020 ticks/time (  7560272026 ticks,   59520 times, max   7824574, min    3926)
00:17:51.391379 /PDM/CritSects/PGM/ContentionRZLock                0 times
00:17:51.391384 /PDM/CritSects/PGM/ContentionRZLockBusy            0 times
00:17:51.391390 /PDM/CritSects/PGM/ContentionRZUnlock              0 times
00:17:51.391395 /PDM/CritSects/PGM/ContentionRZWait                0 ticks/time (           0 ticks,       0 times, max         0, min      -1)
00:17:51.391400 /PDM/CritSects/TM VirtualSync Lock/ContentionR3       540 times
00:17:51.391406 /PDM/CritSects/TM VirtualSync Lock/ContentionR3Wait    199753 ticks/time (   107867135 ticks,     540 times, max  15699535, min    5285)
00:17:51.391413 /PDM/CritSects/TM VirtualSync Lock/ContentionRZLock         0 times
00:17:51.391418 /PDM/CritSects/TM VirtualSync Lock/ContentionRZLockBusy         0 times
00:17:51.391423 /PDM/CritSects/TM VirtualSync Lock/ContentionRZUnlock         0 times
00:17:51.391428 /PDM/CritSects/TM VirtualSync Lock/ContentionRZWait         0 ticks/time (           0 ticks,       0 times, max         0, min      -1)
00:17:51.391434 /PDM/CritSects/TM real queue timer lock/ContentionR3         0 times
00:17:51.391439 /PDM/CritSects/TM real queue timer lock/ContentionR3Wait         0 ticks/time (           0 ticks,       0 times, max         0, min      -1)
00:17:51.391444 /PDM/CritSects/TM real queue timer lock/ContentionRZLock         0 times
00:17:51.391449 /PDM/CritSects/TM real queue timer lock/ContentionRZLockBusy         0 times
00:17:51.391454 /PDM/CritSects/TM real queue timer lock/ContentionRZUnlock         0 times
00:17:51.391459 /PDM/CritSects/TM real queue timer lock/ContentionRZWait         0 ticks/time (           0 ticks,       0 times, max         0, min      -1)
00:17:51.391464 /PDM/CritSects/TM tsc queue timer lock/ContentionR3         0 times
00:17:51.391469 /PDM/CritSects/TM tsc queue timer lock/ContentionR3Wait         0 ticks/time (           0 ticks,       0 times, max         0, min      -1)
00:17:51.391475 /PDM/CritSects/TM tsc queue timer lock/ContentionRZLock         0 times
00:17:51.391480 /PDM/CritSects/TM tsc queue timer lock/ContentionRZLockBusy         0 times
00:17:51.391485 /PDM/CritSects/TM tsc queue timer lock/ContentionRZUnlock         0 times
00:17:51.391490 /PDM/CritSects/TM tsc queue timer lock/ContentionRZWait         0 ticks/time (           0 ticks,       0 times, max         0, min      -1)
00:17:51.391495 /PDM/CritSects/TM virtual queue timer lock/ContentionR3       125 times
00:17:51.391500 /PDM/CritSects/TM virtual queue timer lock/ContentionR3Wait     91558 ticks/time (     1831171 ticks,      20 times, max    360543, min   20578)
00:17:51.391506 /PDM/CritSects/TM virtual queue timer lock/ContentionRZLock         0 times
00:17:51.391513 /PDM/CritSects/TM virtual queue timer lock/ContentionRZLockBusy         0 times
00:17:51.391519 /PDM/CritSects/TM virtual queue timer lock/ContentionRZUnlock         0 times
00:17:51.391524 /PDM/CritSects/TM virtual queue timer lock/ContentionRZWait         0 ticks/time (           0 ticks,       0 times, max         0, min      -1)
00:17:51.391530 /PDM/CritSects/TM virtual_sync queue timer lock/ContentionR3         0 times
00:17:51.391536 /PDM/CritSects/TM virtual_sync queue timer lock/ContentionR3Wait         0 ticks/time (           0 ticks,       0 times, max         0, min      -1)
00:17:51.391541 /PDM/CritSects/TM virtual_sync queue timer lock/ContentionRZLock         0 times
00:17:51.391546 /PDM/CritSects/TM virtual_sync queue timer lock/ContentionRZLockBusy         0 times
00:17:51.391551 /PDM/CritSects/TM virtual_sync queue timer lock/ContentionRZUnlock         0 times
00:17:51.391556 /PDM/CritSects/TM virtual_sync queue timer lock/ContentionRZWait         0 ticks/time (           0 ticks,       0 times, max         0, min      -1)
00:17:51.391590 /PDM/CritSects/VGA#0/ContentionR3                137 times
00:17:51.391599 /PDM/CritSects/VGA#0/ContentionR3Wait        1392444 ticks/time (   190764896 ticks,     137 times, max  11515308, min   19638)
00:17:51.391607 /PDM/CritSects/VGA#0/ContentionRZLock              0 times
00:17:51.391613 /PDM/CritSects/VGA#0/ContentionRZLockBusy          0 times
00:17:51.391618 /PDM/CritSects/VGA#0/ContentionRZUnlock            0 times
00:17:51.391624 /PDM/CritSects/VGA#0/ContentionRZWait              0 ticks/time (           0 ticks,       0 times, max         0, min      -1)
00:17:51.391630 /PDM/CritSects/VGA#0_IRQ/ContentionR3              0 times
00:17:51.391635 /PDM/CritSects/VGA#0_IRQ/ContentionR3Wait          0 ticks/time (           0 ticks,       0 times, max         0, min      -1)
00:17:51.391642 /PDM/CritSects/VGA#0_IRQ/ContentionRZLock          0 times
00:17:51.391647 /PDM/CritSects/VGA#0_IRQ/ContentionRZLockBusy         0 times
00:17:51.391652 /PDM/CritSects/VGA#0_IRQ/ContentionRZUnlock         0 times
00:17:51.391657 /PDM/CritSects/VGA#0_IRQ/ContentionRZWait          0 ticks/time (           0 ticks,       0 times, max         0, min      -1)
00:17:51.391663 /PDM/CritSects/VMMDev#0/ContentionR3               0 times
00:17:51.391668 /PDM/CritSects/VMMDev#0/ContentionR3Wait           0 ticks/time (           0 ticks,       0 times, max         0, min      -1)
00:17:51.391674 /PDM/CritSects/VMMDev#0/ContentionRZLock           0 times
00:17:51.391679 /PDM/CritSects/VMMDev#0/ContentionRZLockBusy         0 times
00:17:51.391684 /PDM/CritSects/VMMDev#0/ContentionRZUnlock         0 times
00:17:51.391689 /PDM/CritSects/VMMDev#0/ContentionRZWait           0 ticks/time (           0 ticks,       0 times, max         0, min      -1)
00:17:51.391695 /PDM/CritSects/acpi#0/ContentionR3                 0 times
00:17:51.391701 /PDM/CritSects/acpi#0/ContentionR3Wait             0 ticks/time (           0 ticks,       0 times, max         0, min      -1)
00:17:51.391707 /PDM/CritSects/acpi#0/ContentionRZLock             0 times
00:17:51.391712 /PDM/CritSects/acpi#0/ContentionRZLockBusy         0 times
00:17:51.391717 /PDM/CritSects/acpi#0/ContentionRZUnlock           0 times
00:17:51.391722 /PDM/CritSects/acpi#0/ContentionRZWait             0 ticks/time (           0 ticks,       0 times, max         0, min      -1)
00:17:51.391746 /PDM/CritSects/efi#0Auto/ContentionR3              0 times
00:17:51.391751 /PDM/CritSects/efi#0Auto/ContentionR3Wait          0 ticks/time (           0 ticks,       0 times, max         0, min      -1)
00:17:51.391776 /PDM/CritSects/efi#0Auto/ContentionRZLock          0 times
00:17:51.391781 /PDM/CritSects/efi#0Auto/ContentionRZLockBusy         0 times
00:17:51.391786 /PDM/CritSects/efi#0Auto/ContentionRZUnlock         0 times
00:17:51.391791 /PDM/CritSects/efi#0Auto/ContentionRZWait          0 ticks/time (           0 ticks,       0 times, max         0, min      -1)
00:17:51.391800 /PDM/CritSects/mc146818#0Auto/ContentionR3         0 times
00:17:51.391808 /PDM/CritSects/mc146818#0Auto/ContentionR3Wait         0 ticks/time (           0 ticks,       0 times, max         0, min      -1)
00:17:51.391814 /PDM/CritSects/mc146818#0Auto/ContentionRZLock         0 times
00:17:51.391819 /PDM/CritSects/mc146818#0Auto/ContentionRZLockBusy         0 times
00:17:51.391824 /PDM/CritSects/mc146818#0Auto/ContentionRZUnlock         0 times
00:17:51.391829 /PDM/CritSects/mc146818#0Auto/ContentionRZWait         0 ticks/time (           0 ticks,       0 times, max         0, min      -1)
00:17:51.391835 /PDM/CritSects/pcarch#0Auto/ContentionR3           0 times
00:17:51.391840 /PDM/CritSects/pcarch#0Auto/ContentionR3Wait         0 ticks/time (           0 ticks,       0 times, max         0, min      -1)
00:17:51.391863 /PDM/CritSects/pcarch#0Auto/ContentionRZLock         0 times
00:17:51.391886 /PDM/CritSects/pcarch#0Auto/ContentionRZLockBusy         0 times
00:17:51.391891 /PDM/CritSects/pcarch#0Auto/ContentionRZUnlock         0 times
00:17:51.391896 /PDM/CritSects/pcarch#0Auto/ContentionRZWait         0 ticks/time (           0 ticks,       0 times, max         0, min      -1)
00:17:51.391901 /PDM/CritSects/pckbd#0Auto/ContentionR3            0 times
00:17:51.391906 /PDM/CritSects/pckbd#0Auto/ContentionR3Wait         0 ticks/time (           0 ticks,       0 times, max         0, min      -1)
00:17:51.391912 /PDM/CritSects/pckbd#0Auto/ContentionRZLock         0 times
00:17:51.391917 /PDM/CritSects/pckbd#0Auto/ContentionRZLockBusy         0 times
00:17:51.391921 /PDM/CritSects/pckbd#0Auto/ContentionRZUnlock         0 times
00:17:51.391926 /PDM/CritSects/pckbd#0Auto/ContentionRZWait         0 ticks/time (           0 ticks,       0 times, max         0, min      -1)
00:17:51.391932 /PDM/CritSects/pit#0/ContentionR3                  0 times
00:17:51.391936 /PDM/CritSects/pit#0/ContentionR3Wait              0 ticks/time (           0 ticks,       0 times, max         0, min      -1)
00:17:51.391942 /PDM/CritSects/pit#0/ContentionRZLock              0 times
00:17:51.391947 /PDM/CritSects/pit#0/ContentionRZLockBusy          0 times
00:17:51.391952 /PDM/CritSects/pit#0/ContentionRZUnlock            0 times
00:17:51.391957 /PDM/CritSects/pit#0/ContentionRZWait              0 ticks/time (           0 ticks,       0 times, max         0, min      -1)
00:17:51.391962 /PDM/CritSects/usb-ehci#0Auto/ContentionR3         0 times
00:17:51.391967 /PDM/CritSects/usb-ehci#0Auto/ContentionR3Wait         0 ticks/time (           0 ticks,       0 times, max         0, min      -1)
00:17:51.391972 /PDM/CritSects/usb-ehci#0Auto/ContentionRZLock         0 times
00:17:51.391977 /PDM/CritSects/usb-ehci#0Auto/ContentionRZLockBusy         0 times
00:17:51.391982 /PDM/CritSects/usb-ehci#0Auto/ContentionRZUnlock         0 times
00:17:51.391987 /PDM/CritSects/usb-ehci#0Auto/ContentionRZWait         0 ticks/time (           0 ticks,       0 times, max         0, min      -1)
00:17:51.391992 /PDM/CritSects/usb-ohci#0Auto/ContentionR3         0 times
00:17:51.391997 /PDM/CritSects/usb-ohci#0Auto/ContentionR3Wait         0 ticks/time (           0 ticks,       0 times, max         0, min      -1)
00:17:51.392002 /PDM/CritSects/usb-ohci#0Auto/ContentionRZLock         0 times
00:17:51.392007 /PDM/CritSects/usb-ohci#0Auto/ContentionRZLockBusy         0 times
00:17:51.392012 /PDM/CritSects/usb-ohci#0Auto/ContentionRZUnlock         0 times
00:17:51.392017 /PDM/CritSects/usb-ohci#0Auto/ContentionRZWait         0 ticks/time (           0 ticks,       0 times, max         0, min      -1)
00:17:51.392022 /PDM/CritSectsRw/00-EnterSharedWhileAborting         0 times
00:17:51.392028 /PDM/CritSectsRw/00-Excl-Non-interruptible-Waits-VINF_SUCCESS         0 times
00:17:51.392033 /PDM/CritSectsRw/00-Excl-VERR_INTERRUPTED          0 times
00:17:51.392038 /PDM/CritSectsRw/00-Excl-VERR_TIMEOUT              0 times
00:17:51.392043 /PDM/CritSectsRw/00-Shared-Non-interruptible-Waits-VINF_SUCCESS         0 times
00:17:51.392050 /PDM/CritSectsRw/00-Shared-VERR_INTERRUPTED         0 times
00:17:51.392056 /PDM/CritSectsRw/00-Shared-VERR_TIMEOUT            0 times
00:17:51.392061 /PDM/CritSectsRw/IOM Lock/ContentionR3EnterExcl         0 times
00:17:51.392066 /PDM/CritSectsRw/IOM Lock/ContentionR3EnterShared         0 times
00:17:51.392071 /PDM/CritSectsRw/IOM Lock/ContentionR3LeaveExcl         0 times
00:17:51.392076 /PDM/CritSectsRw/IOM Lock/ContentionRZEnterExcl         0 times
00:17:51.392081 /PDM/CritSectsRw/IOM Lock/ContentionRZEnterShared         0 times
00:17:51.392086 /PDM/CritSectsRw/IOM Lock/ContentionRZLeaveExcl         0 times
00:17:51.392090 /PDM/CritSectsRw/IOM Lock/ContentionRZLeaveShared         0 times
00:17:51.392095 /PDM/CritSectsRw/IOM Lock/R3EnterExcl            279 times
00:17:51.392117 /PDM/CritSectsRw/IOM Lock/R3EnterShared       907128 times
00:17:51.392122 /PDM/CritSectsRw/IOM Lock/RZEnterExcl              0 times
00:17:51.392126 /PDM/CritSectsRw/IOM Lock/RZEnterShared            0 times
00:17:51.392131 /PDM/CritSectsRw/TM real queue alloc lock/ContentionR3EnterExcl         0 times
00:17:51.392136 /PDM/CritSectsRw/TM real queue alloc lock/ContentionR3EnterShared         0 times
00:17:51.392140 /PDM/CritSectsRw/TM real queue alloc lock/ContentionR3LeaveExcl         0 times
00:17:51.392171 /PDM/CritSectsRw/TM real queue alloc lock/ContentionRZEnterExcl         0 times
00:17:51.392177 /PDM/CritSectsRw/TM real queue alloc lock/ContentionRZEnterShared         0 times
00:17:51.392181 /PDM/CritSectsRw/TM real queue alloc lock/ContentionRZLeaveExcl         0 times
00:17:51.392186 /PDM/CritSectsRw/TM real queue alloc lock/ContentionRZLeaveShared         0 times
00:17:51.392191 /PDM/CritSectsRw/TM real queue alloc lock/R3EnterExcl         5 times
00:17:51.392196 /PDM/CritSectsRw/TM real queue alloc lock/R3EnterShared         1 times
00:17:51.392200 /PDM/CritSectsRw/TM real queue alloc lock/RZEnterExcl         0 times
00:17:51.392205 /PDM/CritSectsRw/TM real queue alloc lock/RZEnterShared         0 times
00:17:51.392210 /PDM/CritSectsRw/TM tsc queue alloc lock/ContentionR3EnterExcl         0 times
00:17:51.392215 /PDM/CritSectsRw/TM tsc queue alloc lock/ContentionR3EnterShared         0 times
00:17:51.392220 /PDM/CritSectsRw/TM tsc queue alloc lock/ContentionR3LeaveExcl         0 times
00:17:51.392225 /PDM/CritSectsRw/TM tsc queue alloc lock/ContentionRZEnterExcl         0 times
00:17:51.392247 /PDM/CritSectsRw/TM tsc queue alloc lock/ContentionRZEnterShared         0 times
00:17:51.392252 /PDM/CritSectsRw/TM tsc queue alloc lock/ContentionRZLeaveExcl         0 times
00:17:51.392256 /PDM/CritSectsRw/TM tsc queue alloc lock/ContentionRZLeaveShared         0 times
00:17:51.392261 /PDM/CritSectsRw/TM tsc queue alloc lock/R3EnterExcl         0 times
00:17:51.392265 /PDM/CritSectsRw/TM tsc queue alloc lock/R3EnterShared         1 times
00:17:51.392270 /PDM/CritSectsRw/TM tsc queue alloc lock/RZEnterExcl         0 times
00:17:51.392274 /PDM/CritSectsRw/TM tsc queue alloc lock/RZEnterShared         0 times
00:17:51.392279 /PDM/CritSectsRw/TM virtual queue alloc lock/ContentionR3EnterExcl         0 times
00:17:51.392283 /PDM/CritSectsRw/TM virtual queue alloc lock/ContentionR3EnterShared         0 times
00:17:51.392288 /PDM/CritSectsRw/TM virtual queue alloc lock/ContentionR3LeaveExcl         0 times
00:17:51.392311 /PDM/CritSectsRw/TM virtual queue alloc lock/ContentionRZEnterExcl         0 times
00:17:51.392316 /PDM/CritSectsRw/TM virtual queue alloc lock/ContentionRZEnterShared         0 times
00:17:51.392338 /PDM/CritSectsRw/TM virtual queue alloc lock/ContentionRZLeaveExcl         0 times
00:17:51.392342 /PDM/CritSectsRw/TM virtual queue alloc lock/ContentionRZLeaveShared         0 times
00:17:51.392347 /PDM/CritSectsRw/TM virtual queue alloc lock/R3EnterExcl         9 times
00:17:51.392371 /PDM/CritSectsRw/TM virtual queue alloc lock/R3EnterShared         1 times
00:17:51.392375 /PDM/CritSectsRw/TM virtual queue alloc lock/RZEnterExcl         0 times
00:17:51.392382 /PDM/CritSectsRw/TM virtual queue alloc lock/RZEnterShared         0 times
00:17:51.392389 /PDM/CritSectsRw/TM virtual_sync queue alloc lock/ContentionR3EnterExcl         0 times
00:17:51.392394 /PDM/CritSectsRw/TM virtual_sync queue alloc lock/ContentionR3EnterShared         0 times
00:17:51.392399 /PDM/CritSectsRw/TM virtual_sync queue alloc lock/ContentionR3LeaveExcl         0 times
00:17:51.392403 /PDM/CritSectsRw/TM virtual_sync queue alloc lock/ContentionRZEnterExcl         0 times
00:17:51.392408 /PDM/CritSectsRw/TM virtual_sync queue alloc lock/ContentionRZEnterShared         0 times
00:17:51.392413 /PDM/CritSectsRw/TM virtual_sync queue alloc lock/ContentionRZLeaveExcl         0 times
00:17:51.392418 /PDM/CritSectsRw/TM virtual_sync queue alloc lock/ContentionRZLeaveShared         0 times
00:17:51.392423 /PDM/CritSectsRw/TM virtual_sync queue alloc lock/R3EnterExcl         7 times
00:17:51.392445 /PDM/CritSectsRw/TM virtual_sync queue alloc lock/R3EnterShared         1 times
00:17:51.392449 /PDM/CritSectsRw/TM virtual_sync queue alloc lock/RZEnterExcl         0 times
00:17:51.392454 /PDM/CritSectsRw/TM virtual_sync queue alloc lock/RZEnterShared         0 times
00:17:51.392459 /PDM/Queue/DevHlp/AllocFailures                    0 times
00:17:51.392464 /PDM/Queue/DevHlp/Flush                            0 calls
00:17:51.392469 /PDM/Queue/DevHlp/FlushLeftovers                   0 times
00:17:51.392492 /PDM/Queue/DevHlp/Insert                           0 calls
00:17:51.392498 /PDM/Queue/DevHlp/cItems                          16 count
00:17:51.392503 /PDM/Queue/DevHlp/cbItem                          56 bytes
00:17:51.392508 /PDM/Queue/DevHlp/rcOkay                           0 
00:17:51.392514 /PDM/Queue/Keyboard/AllocFailures                  0 times
00:17:51.392520 /PDM/Queue/Keyboard/Flush                          0 calls
00:17:51.392525 /PDM/Queue/Keyboard/FlushLeftovers                 0 times
00:17:51.392531 /PDM/Queue/Keyboard/Insert                      5278 calls
00:17:51.392536 /PDM/Queue/Keyboard/cItems                        64 count
00:17:51.392558 /PDM/Queue/Keyboard/cbItem                        16 bytes
00:17:51.392563 /PDM/Queue/Keyboard/rcOkay                         0 
00:17:51.392568 /PDM/Queue/Mouse/AllocFailures                     0 times
00:17:51.392572 /PDM/Queue/Mouse/Flush                             0 calls
00:17:51.392577 /PDM/Queue/Mouse/FlushLeftovers                    0 times
00:17:51.392582 /PDM/Queue/Mouse/Insert                            0 calls
00:17:51.392587 /PDM/Queue/Mouse/cItems                          128 count
00:17:51.392592 /PDM/Queue/Mouse/cbItem                           32 bytes
00:17:51.392597 /PDM/Queue/Mouse/rcOkay                            0 
00:17:51.392602 /PDM/Tasks/000-E1000-Xmit-retriggered              0 times
00:17:51.392625 /PDM/Tasks/000-E1000-Xmit-runs                     2 times
00:17:51.392630 /PGM/CPU0/R3/Page/MapTlbMisses                     0 times
00:17:51.392636 /PGM/CPU0/R3/RamRange/TlbLocking                  63 times
00:17:51.392641 /PGM/CPU0/R3/RamRange/TlbMisses                   63 times
00:17:51.392646 /PGM/CPU0/RZ/Page/MapTlbMisses                     0 times
00:17:51.392650 /PGM/CPU0/RZ/RamRange/TlbLocking                   0 times
00:17:51.392655 /PGM/CPU0/RZ/RamRange/TlbMisses                    0 times
00:17:51.392791 /PGM/CPU0/cA20Changes                              0 times
00:17:51.392803 /PGM/CPU0/cGuestModeChanges                        3 times
00:17:51.392809 /PGM/CPU1/R3/Page/MapTlbMisses                     0 times
00:17:51.392814 /PGM/CPU1/R3/RamRange/TlbLocking                  62 times
00:17:51.392820 /PGM/CPU1/R3/RamRange/TlbMisses                   62 times
00:17:51.392825 /PGM/CPU1/RZ/Page/MapTlbMisses                     0 times
00:17:51.392830 /PGM/CPU1/RZ/RamRange/TlbLocking                   0 times
00:17:51.392836 /PGM/CPU1/RZ/RamRange/TlbMisses                    0 times
00:17:51.392841 /PGM/CPU1/cA20Changes                              0 times
00:17:51.392851 /PGM/CPU1/cGuestModeChanges                        2 times
00:17:51.392859 /PGM/ChunkR3Map/Mapped                             0 count
00:17:51.392865 /PGM/ChunkR3Map/Unmapped                           0 count
00:17:51.392899 /PGM/ChunkR3Map/c                                  0 count
00:17:51.392906 /PGM/ChunkR3Map/cMax                       4294967295 count
00:17:51.392912 /PGM/LargePage/Alloc                               0 ns/call (           0 ns,       0 calls, max         0, min      -1)
00:17:51.392918 /PGM/LargePage/AllocFailed                         0 times
00:17:51.392924 /PGM/LargePage/Overflow                            0 times
00:17:51.392930 /PGM/LargePage/Recheck                             0 times
00:17:51.392935 /PGM/LargePage/Refused                             0 times
00:17:51.392940 /PGM/LargePage/Reused                              0 times
00:17:51.392946 /PGM/LargePage/TlbFlush                            0 times
00:17:51.392952 /PGM/LargePage/ZeroEvict                           0 times
00:17:51.392958 /PGM/Mmio2QueryAndResetDirtyBitmap                 0 ticks/call (           0 ticks,       0 calls, max         0, min      -1)
00:17:51.392965 /PGM/Page/cAllPages                          1054065 count
00:17:51.392970 /PGM/Page/cBalloonedPages                          0 count
00:17:51.392976 /PGM/Page/cHandyPages                              0 count
00:17:51.392982 /PGM/Page/cLargePages                              0 count
00:17:51.392987 /PGM/Page/cLargePagesDisabled                      0 count
00:17:51.392993 /PGM/Page/cMonitoredPages                          0 count
00:17:51.392998 /PGM/Page/cPrivatePages                      1053863 count
00:17:51.393004 /PGM/Page/cPureMmioPages                         202 count
00:17:51.393009 /PGM/Page/cReadLockedPages                         0 count
00:17:51.393019 /PGM/Page/cReusedSharedPages                       0 count
00:17:51.393026 /PGM/Page/cSharedPages                             0 count
00:17:51.393031 /PGM/Page/cWriteLockedPages                     1801 count
00:17:51.393037 /PGM/Page/cWrittenToPages                          0 count
00:17:51.393042 /PGM/Page/cZeroPages                               0 count
00:17:51.393049 /PGM/PhysHandlerTree/ErrorsAllocatorR3             0 times
00:17:51.393055 /PGM/PhysHandlerTree/ErrorsTree                    0 times
00:17:51.393060 /PGM/PhysHandlerTree/Inserts                      50 times
00:17:51.393067 /PGM/PhysHandlerTree/MaxHandlers                6144 times
00:17:51.393072 /PGM/PhysHandlerTree/RebalancingOperations        20 times
00:17:51.393078 /PGM/PhysHandlerTree/Removals                     32 times
00:17:51.393084 /PGM/Pool/Grow                                     0 ticks/call (           0 ticks,       0 calls, max         0, min      -1)
00:17:51.393090 /PGM/ShMod/Check                                   0 ticks/call (           0 ticks,       0 calls, max         0, min      -1)
00:17:51.393097 /PROF/CPU0/EM/Capped                               0 ticks/call (           0 ticks,       0 calls, max         0, min      -1)
00:17:51.393103 /PROF/CPU0/EM/ForcedActions                   111066 times
00:17:51.393110 /PROF/CPU0/EM/HMExec                               0 ticks/call (           0 ticks,       0 calls, max         0, min      -1)
00:17:51.393116 /PROF/CPU0/EM/HMExecuteCalled                      0 times
00:17:51.393122 /PROF/CPU0/EM/Halted                           98628 times
00:17:51.393128 /PROF/CPU0/EM/NEMExec                        5025723 ticks/call (510121003221 ticks,  101502 calls, max 15222090670, min  116234)
00:17:51.393135 /PROF/CPU0/EM/NEMExecuteCalled                 94661 times
00:17:51.393141 /PROF/CPU0/EM/REMTotal                             0 times
00:17:51.393147 /PROF/CPU0/EM/RecordedExits                  1234198 times
00:17:51.393153 /PROF/CPU0/EM/Total                        1552408411973 ticks/call (3104816823947 ticks,       2 calls, max 2868188580080, min 236628243867)
00:17:51.393161 /PROF/CPU0/VM/Halt/Block                     9395109 ns/call (891680419518 ns,   94909 calls, max 501106092, min       1)
00:17:51.393171 /PROF/CPU0/VM/Halt/BlockInsomnia             9224309 ns/call (875165596381 ns,   94876 calls, max 499933596, min       1)
00:17:51.393181 /PROF/CPU0/VM/Halt/BlockOnTime             499972314 ns/call (  1999889258 ns,       4 calls, max 499983401, min 499962716)
00:17:51.393188 /PROF/CPU0/VM/Halt/BlockOverslept             515280 ns/call (    14943136 ns,      29 calls, max   1106445, min   54274)
00:17:51.393195 /PROF/CPU0/VM/Halt/R0HaltBlock                     0 ns/call (           0 ns,       0 calls, max         0, min      -1)
00:17:51.393202 /PROF/CPU0/VM/Halt/R0HaltBlockInsomnia             0 ns/call (           0 ns,       0 calls, max         0, min      -1)
00:17:51.393208 /PROF/CPU0/VM/Halt/R0HaltBlockOnTime               0 ns/call (           0 ns,       0 calls, max         0, min      -1)
00:17:51.393214 /PROF/CPU0/VM/Halt/R0HaltBlockOverslept            0 ns/call (           0 ns,       0 calls, max         0, min      -1)
00:17:51.393220 /PROF/CPU0/VM/Halt/R0HaltExec                      0 times
00:17:51.393225 /PROF/CPU0/VM/Halt/R0HaltExec/FromBlock            0 times
00:17:51.393250 /PROF/CPU0/VM/Halt/R0HaltExec/FromSpin             0 times
00:17:51.393255 /PROF/CPU0/VM/Halt/R0HaltHistoryCounter            0 times
00:17:51.393260 /PROF/CPU0/VM/Halt/R0HaltHistorySucceeded          0 times
00:17:51.393264 /PROF/CPU0/VM/Halt/R0HaltHistoryToRing3            0 times
00:17:51.393269 /PROF/CPU0/VM/Halt/R0HaltToR3                      0 times
00:17:51.393274 /PROF/CPU0/VM/Halt/R0HaltToR3/FromSpin             0 times
00:17:51.393278 /PROF/CPU0/VM/Halt/R0HaltToR3/Other                0 times
00:17:51.393283 /PROF/CPU0/VM/Halt/R0HaltToR3/PendingFF            0 times
00:17:51.393287 /PROF/CPU0/VM/Halt/R0HaltToR3/PostWaitNoInt         0 times
00:17:51.393292 /PROF/CPU0/VM/Halt/R0HaltToR3/PostWaitPendingFF         0 times
00:17:51.393297 /PROF/CPU0/VM/Halt/R0HaltToR3/SmallDelta           0 times
00:17:51.393319 /PROF/CPU0/VM/Halt/Timers                        418 ns/call (    78715949 ns,  188004 calls, max    834817, min       1)
00:17:51.393344 /PROF/CPU0/VM/Halt/Yield                           0 ns/call (           0 ns,       0 calls, max         0, min      -1)
00:17:51.393349 /PROF/CPU1/EM/Capped                               0 ticks/call (           0 ticks,       0 calls, max         0, min      -1)
00:17:51.393374 /PROF/CPU1/EM/ForcedActions                   501621 times
00:17:51.393379 /PROF/CPU1/EM/HMExec                               0 ticks/call (           0 ticks,       0 calls, max         0, min      -1)
00:17:51.393385 /PROF/CPU1/EM/HMExecuteCalled                      0 times
00:17:51.393390 /PROF/CPU1/EM/Halted                          327542 times
00:17:51.393396 /PROF/CPU1/EM/NEMExec                        1353127 ticks/call (668406934413 ticks,  493972 calls, max 2878257656, min   51025)
00:17:51.393419 /PROF/CPU1/EM/NEMExecuteCalled                367198 times
00:17:51.393423 /PROF/CPU1/EM/REMTotal                             0 times
00:17:51.393428 /PROF/CPU1/EM/RecordedExits                  2890183 times
00:17:51.393433 /PROF/CPU1/EM/Total                        1552408507958 ticks/call (3104817015917 ticks,       2 calls, max 2868188745883, min 236628270034)
00:17:51.393440 /PROF/CPU1/VM/Halt/Block                     2235835 ns/call (828828669916 ns,  370702 calls, max 679521232, min       1)
00:17:51.393470 /PROF/CPU1/VM/Halt/BlockInsomnia             1713888 ns/call (213591584254 ns,  124624 calls, max 663002002, min       1)
00:17:51.393476 /PROF/CPU1/VM/Halt/BlockOnTime               2587874 ns/call ( 60344048819 ns,   23318 calls, max 467251310, min    4404)
00:17:51.393483 /PROF/CPU1/VM/Halt/BlockOverslept             598046 ns/call (133220913476 ns,  222760 calls, max  56244793, min   50005)
00:17:51.393489 /PROF/CPU1/VM/Halt/R0HaltBlock                     0 ns/call (           0 ns,       0 calls, max         0, min      -1)
00:17:51.393496 /PROF/CPU1/VM/Halt/R0HaltBlockInsomnia             0 ns/call (           0 ns,       0 calls, max         0, min      -1)
00:17:51.393503 /PROF/CPU1/VM/Halt/R0HaltBlockOnTime               0 ns/call (           0 ns,       0 calls, max         0, min      -1)
00:17:51.393509 /PROF/CPU1/VM/Halt/R0HaltBlockOverslept            0 ns/call (           0 ns,       0 calls, max         0, min      -1)
00:17:51.393514 /PROF/CPU1/VM/Halt/R0HaltExec                      0 times
00:17:51.393519 /PROF/CPU1/VM/Halt/R0HaltExec/FromBlock            0 times
00:17:51.393541 /PROF/CPU1/VM/Halt/R0HaltExec/FromSpin             0 times
00:17:51.393545 /PROF/CPU1/VM/Halt/R0HaltHistoryCounter            0 times
00:17:51.393569 /PROF/CPU1/VM/Halt/R0HaltHistorySucceeded          0 times
00:17:51.393574 /PROF/CPU1/VM/Halt/R0HaltHistoryToRing3            0 times
00:17:51.393579 /PROF/CPU1/VM/Halt/R0HaltToR3                      0 times
00:17:51.393584 /PROF/CPU1/VM/Halt/R0HaltToR3/FromSpin             0 times
00:17:51.393589 /PROF/CPU1/VM/Halt/R0HaltToR3/Other                0 times
00:17:51.393593 /PROF/CPU1/VM/Halt/R0HaltToR3/PendingFF            0 times
00:17:51.393598 /PROF/CPU1/VM/Halt/R0HaltToR3/PostWaitNoInt         0 times
00:17:51.393603 /PROF/CPU1/VM/Halt/R0HaltToR3/PostWaitPendingFF         0 times
00:17:51.393608 /PROF/CPU1/VM/Halt/R0HaltToR3/SmallDelta           0 times
00:17:51.393613 /PROF/CPU1/VM/Halt/Timers                       4467 ns/call (  3206789095 ns,  717794 calls, max  13135327, min       2)
00:17:51.393619 /PROF/CPU1/VM/Halt/Yield                        8191 ns/call (     2301715 ns,     281 calls, max    485348, min       1)
00:17:51.393626 /Public/NetAdapter/0/BytesReceived         705331468 bytes
00:17:51.393631 /Public/NetAdapter/0/BytesTransmitted        2256395 bytes
00:17:51.393655 /Public/NetAdapter/0/e1000                         0 
00:17:51.393660 /Public/Storage/AHCI0/Port0/BytesRead      178318336 bytes
00:17:51.393665 /Public/Storage/AHCI0/Port0/BytesWritten   1734245376 bytes
00:17:51.393689 /Public/Storage/AHCI0/Port0/QueryBufAttempts         0 count
00:17:51.393694 /Public/Storage/AHCI0/Port0/QueryBufSuccess         0 count
00:17:51.393699 /Public/Storage/AHCI0/Port0/ReqsFlush           5192 count
00:17:51.393704 /Public/Storage/AHCI0/Port0/ReqsRead            6331 count
00:17:51.393709 /Public/Storage/AHCI0/Port0/ReqsSubmitted      32200 count
00:17:51.393731 /Public/Storage/AHCI0/Port0/ReqsSucceeded      32200 count
00:17:51.393735 /Public/Storage/AHCI0/Port0/ReqsWrite          20677 count
00:17:51.393741 /Public/Storage/PIIX3IDE0/Port0/BytesRead  616636416 bytes
00:17:51.393764 /Public/Storage/PIIX3IDE0/Port0/QueryBufAttempts         0 count
00:17:51.393769 /Public/Storage/PIIX3IDE0/Port0/QueryBufSuccess         0 count
00:17:51.393775 /Public/Storage/PIIX3IDE0/Port0/ReqsRead        6345 count
00:17:51.393780 /Public/Storage/PIIX3IDE0/Port0/ReqsSubmitted      6345 count
00:17:51.393784 /Public/Storage/PIIX3IDE0/Port0/ReqsSucceeded      6345 count
00:17:51.393789 /SELM/LoadHidSel/GstReadErrors                     0 times
00:17:51.393794 /SELM/LoadHidSel/NoGoodGuest                       0 times
00:17:51.393800 /TM/CPU/00/cNsExecuting                    132619309674 ns
00:17:51.393823 /TM/CPU/00/cNsHalted                       891890399601 ns
00:17:51.393828 /TM/CPU/00/cNsOther                        44641911936 ns
00:17:51.393833 /TM/CPU/00/cNsTotal                        1069151621211 ns
00:17:51.393838 /TM/CPU/00/cPeriodsExecuting                 1138201 count
00:17:51.393843 /TM/CPU/00/cPeriodsHalted                      93095 count
00:17:51.393848 /TM/CPU/00/pctExecuting                            0 %
00:17:51.393853 /TM/CPU/00/pctHalted                              98 %
00:17:51.393857 /TM/CPU/00/pctOther                                1 %
00:17:51.393862 /TM/CPU/01/cNsExecuting                    125619154876 ns
00:17:51.393867 /TM/CPU/01/cNsHalted                       832614434596 ns
00:17:51.393872 /TM/CPU/01/cNsOther                        110918411271 ns
00:17:51.393878 /TM/CPU/01/cNsTotal                        1069152000743 ns
00:17:51.393884 /TM/CPU/01/cPeriodsExecuting                 2428389 count
00:17:51.393889 /TM/CPU/01/cPeriodsHalted                     320555 count
00:17:51.393920 /TM/CPU/01/pctExecuting                            3 %
00:17:51.393925 /TM/CPU/01/pctHalted                              90 %
00:17:51.393930 /TM/CPU/01/pctOther                                6 %
00:17:51.393936 /TM/CPU/pctExecuting                               1 %
00:17:51.393940 /TM/CPU/pctHalted                                 96 %
00:17:51.393945 /TM/CPU/pctOther                                   1 %
00:17:51.393951 /TM/MaxHzHint                                      0 Hz
00:17:51.393956 /TM/MaxHzHint/real                                 0 Hz
00:17:51.393978 /TM/MaxHzHint/tsc                                  0 Hz
00:17:51.393983 /TM/MaxHzHint/virtual                              0 Hz
00:17:51.394008 /TM/MaxHzHint/virtual_sync                         0 Hz
00:17:51.394014 /TM/PIT/Handler                                    0 ticks/call (           0 ticks,       0 calls, max         0, min      -1)
00:17:51.394020 /TM/PIT/Irq                                        0 times
00:17:51.394025 /TM/R3/1nsSteps                                91830 times
00:17:51.394031 /TM/TSC/offCPU0                                    0 ticks
00:17:51.394036 /TM/TSC/offCPU1                                    0 ticks
00:17:51.394041 /TM/VirtualSync/CurrentOffset                 451632 ns
00:17:51.394048 /TRPM/ForwardRaw/IRQ/20                            9 times
00:17:51.394070 /TRPM/ForwardRaw/IRQ/21                         3334 times
00:17:51.394075 /TRPM/ForwardRaw/IRQ/22                        30746 times
00:17:51.394096 /TRPM/ForwardRaw/IRQ/24                        14467 times
00:17:51.394439 /TRPM/ForwardRaw/IRQ/EC                       320697 times
00:17:51.394464 /TRPM/ForwardRaw/IRQ/FB                        86023 times
00:17:51.394472 /TRPM/ForwardRaw/IRQ/FD                         6551 times
00:17:51.394480 /VMM/EmtHashCollisions/Emt00                       0 times
00:17:51.394486 /VMM/EmtHashCollisions/Emt01                       0 times
00:17:51.394923 /VMM/LogFlush/00-Flushes                           0 times
00:17:51.394934 /VMM/LogFlush/00-NoWakups                          0 times
00:17:51.394941 /VMM/LogFlush/CPU0/Rel/cbBuf                    4096 bytes
00:17:51.394981 /VMM/LogFlush/CPU1/Rel/cbBuf                    4096 bytes
00:17:51.395338 /VUSB/0/cUrbsInPool                                0 count
00:17:51.395464 /VUSB/1/cUrbsInPool                                0 count
00:17:51.395474 ********************* End of statistics **********************
00:17:51.548968 E1000#0: Interrupt attempts: 568580
00:17:51.548976 E1000#0: Interrupts raised : 40538
00:17:51.548980 E1000#0: Interrupts lowered: 4314
00:17:51.548984 E1000#0: ICR outside ISR   : 0
00:17:51.548988 E1000#0: IMS raised ints   : 28112
00:17:51.548992 E1000#0: Interrupts skipped: 241048
00:17:51.548997 E1000#0: Masked interrupts : 286994
00:17:51.549001 E1000#0: Early interrupts  : 0
00:17:51.549005 E1000#0: Late interrupts   : 20062
00:17:51.549009 E1000#0: Lost interrupts   : 0
00:17:51.549013 E1000#0: Interrupts by RX  : 473118
00:17:51.549017 E1000#0: Interrupts by TX  : 37452
00:17:51.549020 E1000#0: Interrupts by ICS : 509
00:17:51.549024 E1000#0: Interrupts by RDTR: 0
00:17:51.549028 E1000#0: Interrupts by RDMT: 0
00:17:51.549032 E1000#0: Interrupts by TXQE: 0
00:17:51.549036 E1000#0: TX int delay asked: 0
00:17:51.549044 E1000#0: TX delayed:         0
00:17:51.549049 E1000#0: TX delay expired:   0
00:17:51.549072 E1000#0: TX no report asked: 37449
00:17:51.549076 E1000#0: TX abs timer expd : 0
00:17:51.549081 E1000#0: TX int timer expd : 0
00:17:51.549085 E1000#0: RX abs timer expd : 0
00:17:51.549089 E1000#0: RX int timer expd : 0
00:17:51.549093 E1000#0: TX CTX descriptors: 37421
00:17:51.549098 E1000#0: TX DAT descriptors: 37449
00:17:51.549106 E1000#0: TX LEG descriptors: 31
00:17:51.549112 E1000#0: Received frames   : 473118
00:17:51.549117 E1000#0: Transmitted frames: 37452
00:17:51.549121 E1000#0: TX frames up to 1514: 37452
00:17:51.549126 E1000#0: TX frames up to 2962: 0
00:17:51.549130 E1000#0: TX frames up to 4410: 0
00:17:51.549134 E1000#0: TX frames up to 5858: 0
00:17:51.549138 E1000#0: TX frames up to 7306: 0
00:17:51.549143 E1000#0: TX frames up to 8754: 0
00:17:51.549147 E1000#0: TX frames up to 16384: 0
00:17:51.549167 E1000#0: TX frames up to 32768: 0
00:17:51.549171 E1000#0: Larger TX frames    : 0
00:17:51.549175 E1000#0: Max TX Delay        : 0
00:17:51.551576 GIM: KVM: Resetting MSRs
00:17:51.551745 NEM: Destroying partition 000001f00f1fcf30 with its 2 VCpus...
00:17:51.697863 vmmR3LogFlusher: Terminating (VERR_OBJECT_DESTROYED)
00:17:51.698130 Changing the VM state from 'DESTROYING' to 'TERMINATED'
00:17:51.698181 Console: Machine state changed to 'PoweredOff'
00:17:51.698679 VBoxHeadless: processEventQueue: VERR_INTERRUPTED, termination requested
00:17:52.203087 VBoxHeadless: exiting
